timestamp,open,high,low,close,volume
2026-05-04,0.99990000,1.00000000,0.99850000,0.99850000,2411298.44546000
2026-05-03,1.00000000,1.00240000,0.99890000,0.99990000,4827076.32087000
2026-05-02,1.00000000,1.00000000,0.99950000,0.99970000,1450289.77039000
2026-05-01,0.99990000,1.00090000,0.99980000,1.00000000,2349446.48308000
2026-04-30,0.99990000,1.00000000,0.99970000,0.99990000,1816582.28014000
2026-04-29,1.00060000,1.00080000,0.99960000,0.99990000,1878047.08305000
2026-04-28,0.99990000,1.00680000,0.99980000,1.00060000,90920.04476000
2026-04-27,0.99980000,1.00500000,0.99970000,0.99990000,105212.88335000
2026-04-26,0.99990000,1.00010000,0.99980000,0.99990000,25790.49261000
2026-04-25,0.99990000,1.00500000,0.99980000,0.99980000,101953.42369000
2026-04-24,0.99980000,1.01380000,0.99980000,1.00010000,97264.58977000
2026-04-23,0.99990000,1.00990000,0.99980000,0.99980000,100262.67116000
2026-04-22,0.99990000,1.00490000,0.99970000,0.99990000,348716.18468000
2026-04-21,0.99990000,1.00420000,0.99850000,1.00000000,308795.35725000
2026-04-20,0.99990000,1.00950000,0.99980000,1.00000000,114884.40765000
2026-04-19,1.00010000,1.00240000,0.99980000,0.99990000,27153.63656000
2026-04-18,0.99980000,1.00980000,0.99980000,1.00000000,48093.59484000
2026-04-17,1.00000000,1.00010000,0.99980000,0.99990000,4243125.62014000
2026-04-16,1.00000000,1.00000000,0.99980000,0.99980000,4815857.64119000
2026-04-15,0.99990000,1.00000000,0.99980000,1.00000000,504470.96478000
2026-04-14,1.00000000,1.00000000,0.99970000,0.99990000,592433.29490000
2026-04-13,0.99990000,1.00000000,0.99980000,1.00000000,770910.38811000
2026-04-12,0.99990000,1.00000000,0.99980000,0.99990000,2082043.33519000
2026-04-11,0.99990000,1.00980000,0.99980000,0.99990000,5460657.42454000
2026-04-10,0.99990000,1.00000000,0.99960000,0.99990000,470112.02205000
2026-04-09,0.99990000,1.00000000,0.99980000,0.99990000,126031.76149000
2026-04-08,0.99990000,1.00970000,0.99990000,0.99990000,3864489.50710000
2026-04-07,1.00000000,1.00220000,0.99990000,0.99990000,8590974.37038000
2026-04-06,1.00000000,1.00970000,0.99990000,1.00000000,4885028.05342000
2026-04-05,1.00000000,1.00240000,0.99990000,1.00000000,5344265.55239000
2026-04-04,0.99990000,1.00710000,0.99980000,1.00000000,7789473.45874000
2026-04-03,0.99990000,1.00010000,0.99960000,0.99990000,6724885.73193000
2026-04-02,0.99980000,1.00200000,0.99980000,0.99990000,4481980.77869000
2026-04-01,1.00000000,1.00010000,0.99910000,0.99980000,546605.37928000
2026-03-31,0.99980000,1.00000000,0.99980000,0.99990000,147572.36285000
2026-03-30,1.00000000,1.00000000,0.99980000,0.99980000,221013.77369000
2026-03-29,1.00000000,1.00000000,0.99990000,1.00000000,95463.57720000
2026-03-28,1.00000000,1.00000000,0.99990000,0.99990000,60262.37873000
2026-03-27,0.99990000,1.00000000,0.99980000,0.99990000,138502.53370000
2026-03-26,0.99990000,1.00000000,0.99980000,0.99980000,69721.98491000
2026-03-25,1.00000000,1.00000000,0.99980000,0.99990000,113158.48726000
2026-03-24,1.00000000,1.00000000,0.99980000,1.00000000,114437.60766000
2026-03-23,1.00000000,1.00980000,0.99990000,1.00000000,294909.72072000
2026-03-22,1.00000000,1.00000000,0.99990000,1.00000000,74146.91163000
2026-03-21,1.00000000,1.00000000,0.99990000,1.00000000,45367.23577000
2026-03-20,0.99980000,1.00000000,0.99980000,1.00000000,112526.29256000
2026-03-19,0.99990000,1.00000000,0.99620000,0.99990000,1524335.42000000
2026-03-18,1.00010000,1.00090000,0.99990000,0.99990000,61221.65445000
2026-03-17,0.99990000,1.00010000,0.99990000,1.00000000,78401.54496000
2026-03-16,1.00000000,1.00000000,0.99990000,1.00000000,185912.14326000
2026-03-15,1.00000000,1.00090000,0.99990000,0.99990000,83963.81511000
2026-03-14,1.00000000,1.00010000,0.99990000,1.00000000,40226.52774000
2026-03-13,1.00000000,1.00100000,0.99990000,1.00000000,106709.10440000
2026-03-12,1.00000000,1.00000000,0.99990000,0.99990000,71611.43458000
2026-03-11,0.99990000,1.00420000,0.99990000,0.99990000,168069.96632000
2026-03-10,1.00000000,1.00010000,0.99990000,1.00000000,129341.68530000
2026-03-09,0.99990000,1.00000000,0.99990000,1.00000000,101564.63309000
2026-03-08,1.00010000,1.00160000,0.99990000,0.99990000,154617.04395000
2026-03-07,0.99990000,1.00010000,0.99990000,1.00010000,125091.19033000
2026-03-06,0.99990000,1.00000000,0.99990000,0.99990000,179714.38347000
2026-03-05,0.99990000,1.00000000,0.99990000,1.00000000,89979.21011000
2026-03-04,0.99990000,1.00000000,0.99970000,0.99990000,126374.46802000
2026-03-03,0.99990000,1.00000000,0.99980000,0.99990000,79157.53134000
2026-03-02,1.00000000,1.00000000,0.99990000,0.99990000,97038.10009000
2026-03-01,1.00000000,1.00090000,0.99990000,0.99990000,60576.49471000
2026-02-28,0.99990000,1.00380000,0.99990000,0.99990000,53499.52874000
2026-02-27,0.99990000,1.00200000,0.99990000,0.99990000,135573.41644000
2026-02-26,1.00000000,1.00000000,0.99990000,1.00000000,93771.75812000
2026-02-25,1.00000000,1.00000000,0.99990000,0.99990000,82277.07378000
2026-02-24,0.99990000,1.00010000,0.99900000,0.99990000,327409.81438000
2026-02-23,1.00010000,1.00080000,0.99990000,1.00000000,65615.94877000
2026-02-22,0.99990000,1.00010000,0.99990000,0.99990000,51761.86392000
2026-02-21,1.00000000,1.00010000,0.99990000,0.99990000,84837.68688000
2026-02-20,1.00000000,1.00000000,0.99980000,1.00000000,98721.62893000
2026-02-19,1.00000000,1.00000000,0.99980000,1.00000000,75630.09287000
2026-02-18,0.99990000,1.00000000,0.99980000,0.99990000,61033.45398000
2026-02-17,0.99990000,1.00000000,0.99980000,0.99980000,141089.12832000
2026-02-16,0.99990000,1.00000000,0.99980000,1.00000000,145870.23758000
2026-02-15,0.99980000,1.00000000,0.99980000,0.99990000,143648.67518000
2026-02-14,0.99990000,1.00000000,0.99900000,0.99990000,166561.33099000
2026-02-13,1.00000000,1.00000000,0.99810000,0.99990000,243286.16928000
2026-02-12,1.00000000,1.00000000,0.99970000,1.00000000,346942.01175000
2026-02-11,0.99990000,1.00000000,0.99970000,0.99990000,104945.15848000
2026-02-10,0.99980000,1.00000000,0.99970000,0.99990000,59816.38889000
2026-02-09,0.99990000,1.00000000,0.99960000,0.99980000,132529.04836000
2026-02-08,0.99980000,1.00000000,0.99970000,0.99980000,76425.45880000
2026-02-07,0.99980000,1.00000000,0.99960000,0.99980000,175949.00018000
2026-02-06,0.99990000,1.00010000,0.99970000,0.99970000,370437.15553000
2026-02-05,1.00000000,1.00040000,0.99990000,1.00000000,519393.75668000
2026-02-04,0.99990000,1.00060000,0.99980000,0.99990000,203853.90656000
2026-02-03,0.99980000,1.00070000,0.99970000,0.99990000,223161.84722000
2026-02-02,1.00000000,1.00000000,0.99930000,0.99980000,318001.58616000
2026-02-01,0.99980000,1.00000000,0.99970000,0.99980000,76671.48503000
2026-01-31,0.99980000,1.00090000,0.99970000,0.99980000,453211.40106000
2026-01-30,1.00000000,1.00000000,0.99970000,0.99980000,144443.03407000
2026-01-29,0.99990000,1.00000000,0.99980000,1.00000000,169153.47674000
2026-01-28,0.99990000,1.00000000,0.99970000,0.99990000,75153.11419000
2026-01-27,1.00000000,1.00010000,0.99970000,0.99990000,228473.95535000
2026-01-26,0.99980000,1.00000000,0.99970000,0.99990000,251223.34119000
2026-01-25,0.99990000,1.00000000,0.99970000,0.99980000,125278.50977000
2026-01-24,0.99980000,1.00000000,0.99970000,0.99980000,103534.30457000
2026-01-23,0.99990000,1.00000000,0.99950000,0.99990000,230224.92976000
2026-01-22,0.99990000,1.00000000,0.99970000,0.99980000,90731.67234000
2026-01-21,0.99970000,1.00000000,0.99970000,0.99990000,161445.82982000
2026-01-20,0.99990000,1.00000000,0.99970000,0.99970000,219841.65649000
2026-01-19,1.00000000,1.00000000,0.99990000,1.00000000,117885.83682000
2026-01-18,0.99990000,1.00000000,0.99990000,1.00000000,40678.49782000
2026-01-17,1.00000000,1.00200000,0.99990000,0.99990000,108323.60982000
2026-01-16,0.99990000,1.00170000,0.99990000,0.99990000,141483.95093000
2026-01-15,1.00000000,1.00940000,0.99990000,0.99990000,195590.87539000
2026-01-14,0.99980000,1.00010000,0.99970000,1.00000000,446975.14068000
2026-01-13,0.99980000,1.00000000,0.99240000,0.99970000,497620.84855000
2026-01-12,0.99980000,1.00000000,0.99970000,0.99980000,135854.84961000
2026-01-11,0.99940000,1.00000000,0.99820000,0.99990000,139166.12832000
2026-01-10,1.00000000,1.00000000,0.99510000,0.99950000,173681.54166000
2026-01-09,1.00000000,1.00000000,0.99970000,1.00000000,149296.20618000
2026-01-08,0.99980000,1.00000000,0.99980000,1.00000000,128620.37704000
2026-01-07,1.00000000,1.00000000,0.99900000,0.99990000,283897.23854000
2026-01-06,0.99990000,1.00000000,0.99910000,0.99990000,286524.26522000
2026-01-05,0.99980000,1.00000000,0.99960000,0.99990000,195885.57333000
2026-01-04,1.00000000,1.00000000,0.99960000,0.99980000,113251.55040000
2026-01-03,0.99990000,1.00000000,0.99970000,1.00000000,94086.60786000
2026-01-02,0.99990000,1.00000000,0.99970000,1.00000000,93783.03878000
2026-01-01,1.00010000,1.00040000,0.99990000,0.99990000,213299.12502000
2025-12-31,0.99990000,1.00050000,0.99960000,1.00010000,334575.67613000
2025-12-30,1.00000000,1.00010000,0.99980000,1.00000000,315056.09748000
2025-12-29,0.99990000,1.00000000,0.99900000,0.99990000,216486.28593000
2025-12-28,1.00000000,1.00000000,0.99960000,0.99990000,119605.71503000
2025-12-27,0.99990000,1.00000000,0.99990000,0.99990000,35064.53893000
2025-12-26,1.00000000,1.00010000,0.99990000,1.00000000,59156.96617000
2025-12-25,1.00000000,1.00000000,0.99990000,0.99990000,121345.27193000
2025-12-24,0.99990000,1.00000000,0.99980000,1.00000000,88547.22706000
2025-12-23,1.00000000,1.00000000,0.99980000,0.99990000,139144.24380000
2025-12-22,0.99990000,1.00000000,0.99970000,1.00000000,210940.22585000
2025-12-21,0.99990000,1.00000000,0.99990000,1.00000000,60912.13724000
2025-12-20,1.00000000,1.00000000,0.99360000,0.99990000,649707.10758000
2025-12-19,0.99990000,1.00000000,0.99980000,1.00000000,82943.64853000
2025-12-18,1.00000000,1.00000000,0.99990000,0.99990000,295801.46346000
2025-12-17,0.99980000,1.00190000,0.99960000,1.00000000,277828.46204000
2025-12-16,0.99990000,1.00000000,0.99980000,1.00000000,184603.73393000
2025-12-15,1.00000000,1.00000000,0.99960000,0.99990000,301051.42693000
2025-12-14,1.00000000,1.00000000,0.99990000,0.99990000,143033.59989000
2025-12-13,0.99990000,1.00000000,0.99990000,0.99990000,50088.48147000
2025-12-12,0.99990000,1.00050000,0.99990000,0.99990000,294516.53625000
2025-12-11,1.00000000,1.00010000,0.99990000,1.00000000,154053.53529000
2025-12-10,1.00070000,1.00100000,0.99990000,1.00000000,126845.29532000
2025-12-09,0.99990000,1.00490000,0.99990000,1.00090000,212677.40907000
2025-12-08,1.00000000,1.00000000,0.99990000,1.00000000,162403.63814000
2025-12-07,1.00000000,1.00000000,0.99990000,1.00000000,38391.77163000
2025-12-06,0.99990000,1.00010000,0.99990000,0.99990000,39093.73804000
2025-12-05,1.00000000,1.00010000,0.99990000,1.00000000,161634.10404000
2025-12-04,1.00030000,1.00090000,0.99990000,1.00000000,90541.04311000
2025-12-03,0.99990000,1.00140000,0.99960000,1.00020000,311285.06274000
2025-12-02,0.99970000,1.00000000,0.99300000,0.99980000,769982.76305000
2025-12-01,0.99980000,1.00000000,0.99960000,0.99970000,183358.87167000
2025-11-30,1.00000000,1.00000000,0.99970000,0.99990000,74545.25924000
2025-11-29,0.99970000,1.00000000,0.99960000,1.00000000,161717.66002000
2025-11-28,0.99990000,1.00000000,0.99800000,0.99910000,491457.28040000
2025-11-27,1.00000000,1.00000000,0.99990000,1.00000000,113417.74173000
2025-11-26,0.99990000,1.00000000,0.99990000,0.99990000,142219.31246000
2025-11-25,0.99990000,1.00000000,0.99900000,0.99990000,258163.47054000
2025-11-24,0.99990000,1.00060000,0.99560000,0.99990000,574773.74918000
2025-11-23,0.99990000,1.00010000,0.99990000,0.99990000,66265.29191000
2025-11-22,0.99990000,1.00100000,0.99990000,1.00000000,111677.05380000
2025-11-21,0.99980000,1.00010000,0.99900000,0.99990000,506775.46583000
2025-11-20,1.00040000,1.00250000,0.99970000,0.99990000,261004.62665000
2025-11-19,1.00090000,1.00580000,0.99780000,1.00000000,1801476.02290000
2025-11-18,1.00000000,1.00590000,0.99970000,1.00090000,1230887.23138000
2025-11-17,1.00020000,1.00570000,0.99950000,1.00000000,468217.26304000
2025-11-16,0.99990000,1.00070000,0.99970000,1.00020000,75269.48109000
2025-11-15,0.99980000,1.00100000,0.99900000,0.99990000,162410.42191000
2025-11-14,0.99980000,1.00230000,0.99970000,0.99980000,204105.40254000
2025-11-13,1.00000000,1.00230000,0.99390000,0.99980000,448074.04567000
2025-11-12,0.99990000,1.00000000,0.99690000,1.00000000,400543.69247000
2025-11-11,0.99980000,1.01000000,0.99960000,0.99990000,191041.87787000
2025-11-10,0.99990000,1.01100000,0.99950000,0.99970000,272339.76883000
2025-11-09,1.00000000,1.00880000,0.99960000,0.99990000,169020.08852000
2025-11-08,0.99990000,1.00880000,0.99960000,0.99990000,118987.41639000
2025-11-07,1.00000000,1.04000000,0.99780000,1.00000000,606631.12945000
2025-11-06,0.99980000,1.01800000,0.99970000,0.99990000,251073.59746000
2025-11-05,0.99980000,1.00090000,0.99720000,0.99980000,1316941.38833000
2025-11-04,0.99970000,1.00290000,0.99900000,0.99990000,894146.11775000
2025-11-03,0.99990000,1.00300000,0.99960000,0.99980000,198265.79353000
2025-11-02,0.99980000,1.00010000,0.99850000,1.00010000,454725.78034000
2025-11-01,0.99980000,1.00370000,0.99940000,0.99980000,802179.49364000
2025-10-31,0.99980000,1.00050000,0.99960000,0.99980000,1394943.32175000
2025-10-30,0.99990000,1.00010000,0.99960000,0.99980000,369553.40824000
2025-10-29,0.99980000,1.00010000,0.99970000,1.00000000,556507.00828000
2025-10-28,0.99990000,1.00050000,0.99970000,0.99990000,177360.44852000
2025-10-27,0.99990000,1.00040000,0.99950000,0.99980000,454575.60038000
2025-10-26,0.99980000,1.00050000,0.99980000,0.99980000,64260.60550000
2025-10-25,0.99980000,1.00010000,0.99980000,0.99980000,44611.78711000
2025-10-24,1.00000000,1.00190000,0.99980000,1.00000000,132640.16934000
2025-10-23,0.99990000,1.00050000,0.99980000,0.99990000,145506.51606000
2025-10-22,0.99980000,1.00080000,0.99940000,1.00000000,277408.93466000
2025-10-21,0.99990000,1.00080000,0.99940000,1.00000000,288886.84826000
2025-10-20,0.99980000,1.00090000,0.99960000,0.99990000,119686.91768000
2025-10-19,0.99990000,1.00020000,0.99960000,0.99990000,86281.56782000
2025-10-18,0.99990000,1.00050000,0.99960000,1.00000000,135470.14393000
2025-10-17,0.99980000,1.00040000,0.99960000,0.99990000,302821.94223000
2025-10-16,0.99970000,1.00050000,0.99940000,0.99970000,364306.12444000
2025-10-15,0.99980000,1.00260000,0.99970000,0.99970000,337156.83698000
2025-10-14,0.99990000,1.00050000,0.99950000,0.99980000,279415.13163000
2025-10-13,0.99990000,1.00100000,0.99900000,0.99990000,856799.65457000
2025-10-12,0.99980000,1.00060000,0.99950000,0.99980000,211387.36068000
2025-10-11,0.99970000,1.00490000,0.99950000,0.99980000,357792.50417000
2025-10-10,0.99970000,0.99990000,0.99330000,0.99990000,549124.69208000
2025-10-09,0.99970000,0.99990000,0.99950000,0.99970000,1350631.99931000
2025-10-08,0.99980000,1.00600000,0.99940000,0.99970000,375518.97537000
2025-10-07,0.99960000,1.00620000,0.99940000,0.99990000,836957.09530000
2025-10-06,0.99990000,0.99990000,0.99020000,0.99980000,621647.63752000
2025-10-05,0.99970000,0.99990000,0.99950000,0.99990000,218486.31601000
2025-10-04,0.99990000,0.99990000,0.99960000,0.99980000,244729.04016000
2025-10-03,0.99960000,0.99990000,0.99000000,0.99990000,826176.22124000
2025-10-02,0.99990000,0.99990000,0.99000000,0.99960000,480154.41499000
2025-10-01,0.99980000,0.99990000,0.99930000,0.99970000,202186.18983000
2025-09-30,0.99980000,0.99990000,0.99880000,0.99990000,142533.86135000
2025-09-29,0.99980000,0.99990000,0.99830000,0.99990000,205756.69850000
2025-09-28,0.99990000,0.99990000,0.99960000,0.99990000,100281.29404000
2025-09-27,0.99980000,0.99990000,0.99960000,0.99980000,71043.29731000
2025-09-26,0.99980000,1.00000000,0.99960000,0.99990000,183402.36483000
2025-09-25,0.99990000,1.00000000,0.99960000,0.99980000,484524.44140000
2025-09-24,0.99990000,1.00000000,0.99960000,0.99990000,311592.55437000
2025-09-23,0.99990000,1.00000000,0.99960000,0.99990000,103336.15946000
2025-09-22,0.99980000,1.00000000,0.99880000,0.99990000,239599.19844000
2025-09-21,0.99980000,1.00150000,0.99920000,0.99980000,173620.68736000
2025-09-20,0.99990000,1.00000000,0.99960000,0.99980000,71348.77717000
2025-09-19,0.99990000,1.00020000,0.99980000,1.00000000,100470.44970000
2025-09-18,0.99990000,1.00030000,0.99900000,0.99990000,290815.81573000
2025-09-17,0.99980000,0.99990000,0.99800000,0.99990000,465388.03123000
2025-09-16,0.99980000,1.00000000,0.99950000,0.99990000,220436.35597000
2025-09-15,1.00000000,1.00020000,0.99950000,0.99980000,238249.72281000
2025-09-14,0.99990000,1.00000000,0.99980000,0.99980000,37285.60800000
2025-09-13,1.00000000,1.00000000,0.99960000,0.99980000,147064.96730000
2025-09-12,0.99990000,1.00000000,0.99080000,0.99990000,331028.93161000
2025-09-11,0.99980000,1.00000000,0.99970000,0.99980000,106840.97469000
2025-09-10,0.99990000,0.99990000,0.99950000,0.99990000,126529.68546000
2025-09-09,1.00030000,1.00040000,0.99960000,0.99990000,255719.16432000
2025-09-08,0.99990000,1.00080000,0.99980000,1.00010000,496808.98298000
2025-09-07,0.99980000,0.99990000,0.99970000,0.99990000,35548.73448000
2025-09-06,0.99990000,1.00000000,0.99980000,0.99990000,50217.82498000
2025-09-05,0.99990000,1.00130000,0.99980000,0.99990000,203171.73217000
2025-09-04,1.00000000,1.00080000,0.99990000,0.99990000,250419.37040000
2025-09-03,1.00000000,1.00030000,0.99990000,0.99990000,157530.27810000
2025-09-02,0.99980000,1.00030000,0.99980000,1.00000000,596143.23395000
2025-09-01,0.99990000,0.99990000,0.99980000,0.99980000,61468.12174000
2025-08-31,0.99990000,0.99990000,0.99980000,0.99980000,131074.24599000
2025-08-30,0.99990000,0.99990000,0.99970000,0.99990000,89456.85331000
2025-08-29,0.99980000,0.99990000,0.99890000,0.99990000,653628.07227000
2025-08-28,0.99980000,0.99990000,0.99860000,0.99980000,210966.01357000
2025-08-27,0.99990000,0.99990000,0.99980000,0.99990000,99210.87540000
2025-08-26,0.99990000,1.00010000,0.99980000,0.99980000,333049.41484000
2025-08-25,0.99990000,1.00000000,0.99930000,0.99990000,209453.68103000
2025-08-24,0.99990000,0.99990000,0.99970000,0.99990000,110133.52848000
2025-08-23,0.99990000,0.99990000,0.99930000,0.99980000,139394.57486000
2025-08-22,1.00000000,1.00000000,0.99930000,0.99990000,308824.44936000
2025-08-21,1.00000000,1.00000000,0.99990000,0.99990000,145331.84642000
2025-08-20,0.99990000,1.00000000,0.99980000,1.00000000,392359.16242000
2025-08-19,0.99990000,1.00010000,0.99990000,0.99990000,211519.83765000
2025-08-18,0.99990000,1.00010000,0.99980000,0.99990000,374557.56286000
2025-08-17,0.99990000,1.00000000,0.99980000,0.99990000,278990.81538000
2025-08-16,0.99990000,1.00000000,0.99990000,0.99990000,84313.66447000
2025-08-15,0.99980000,1.00000000,0.99960000,0.99990000,426333.85991000
2025-08-14,0.99990000,1.00000000,0.99770000,0.99990000,432461.44561000
2025-08-13,0.99990000,0.99990000,0.99080000,0.99990000,631721.95146000
2025-08-12,0.99990000,1.00000000,0.99980000,0.99990000,404569.33964000
2025-08-11,1.00000000,1.00000000,0.99990000,1.00000000,347742.55526000
2025-08-10,1.00010000,1.00200000,0.99990000,0.99990000,173790.33834000
2025-08-09,0.99990000,1.00200000,0.99990000,1.00030000,546115.96578000
2025-08-08,0.99990000,1.00000000,0.99980000,1.00000000,264780.94062000
2025-08-07,0.99990000,1.00000000,0.99980000,0.99990000,172707.81432000
2025-08-06,1.00000000,1.00000000,0.99980000,0.99980000,105236.21367000
2025-08-05,0.99990000,1.00000000,0.99080000,0.99990000,222817.61026000
2025-08-04,0.99980000,0.99990000,0.99530000,0.99990000,274120.49831000
2025-08-03,0.99980000,0.99990000,0.99970000,0.99990000,78151.56413000
2025-08-02,0.99970000,0.99990000,0.99930000,0.99990000,129063.52017000
2025-08-01,0.99980000,1.00000000,0.99890000,0.99990000,668777.81293000
2025-07-31,0.99980000,1.00010000,0.99980000,1.00000000,223919.72603000
2025-07-30,0.99980000,1.00050000,0.99960000,0.99990000,300421.22909000
2025-07-29,1.00000000,1.00200000,0.99950000,0.99980000,435368.07914000
2025-07-28,0.99990000,1.00050000,0.99080000,0.99990000,971301.74890000
2025-07-27,0.99990000,1.00730000,0.99980000,1.00000000,320904.15867000
2025-07-26,0.99990000,1.00010000,0.99980000,1.00000000,86263.91733000
2025-07-25,1.00000000,1.00000000,0.99980000,0.99990000,671776.62316000
2025-07-24,0.99990000,1.00980000,0.99730000,0.99990000,725965.53770000
2025-07-23,1.00000000,1.00060000,0.99970000,0.99990000,542004.98511000
2025-07-22,0.99990000,1.00000000,0.99970000,1.00000000,393345.67461000
2025-07-21,1.00000000,1.00540000,0.99970000,0.99990000,441517.79409000
2025-07-20,1.00000000,1.00260000,0.99990000,0.99990000,106116.83315000
2025-07-19,1.00000000,1.00010000,0.99990000,0.99990000,131278.02692000
2025-07-18,0.99990000,1.00430000,0.99980000,1.00000000,577833.24570000
2025-07-17,1.00000000,1.00670000,0.99980000,0.99980000,523723.78178000
2025-07-16,1.00000000,1.00000000,0.99060000,0.99990000,691608.67027000
2025-07-15,1.00000000,1.00010000,0.99950000,0.99990000,489094.61957000
2025-07-14,0.99990000,1.00020000,0.99980000,0.99990000,436856.66000000
2025-07-13,1.00000000,1.00000000,0.99950000,1.00000000,458140.77194000
2025-07-12,0.99990000,1.00030000,0.99990000,0.99990000,222691.28178000
2025-07-11,1.00000000,1.01800000,0.99980000,0.99990000,1330135.05948000
2025-07-10,1.00000000,1.00000000,0.99990000,1.00000000,263588.58769000
2025-07-09,0.99990000,1.00010000,0.99980000,1.00000000,292047.54461000
2025-07-08,0.99990000,1.00140000,0.99980000,0.99990000,600227.87599000
2025-07-07,1.00000000,1.00010000,0.99980000,0.99980000,167460.77529000
2025-07-06,1.00000000,1.00160000,0.99990000,0.99990000,71525.53714000
2025-07-05,0.99990000,1.00030000,0.99980000,1.00000000,215596.23661000
2025-07-04,1.00010000,1.00060000,0.99990000,0.99990000,144881.59155000
2025-07-03,1.00000000,1.00940000,0.99980000,1.00000000,460986.09475000
2025-07-02,0.99990000,1.00000000,0.99980000,0.99990000,277810.81135000
2025-07-01,0.99990000,1.00000000,0.99980000,0.99990000,308825.04874000
2025-06-30,0.99980000,1.00000000,0.99970000,0.99990000,493758.28317000
2025-06-29,0.99990000,1.00000000,0.99970000,0.99980000,214526.44337000
2025-06-28,0.99990000,1.00030000,0.99980000,0.99990000,105448.43620000
2025-06-27,0.99990000,1.00540000,0.99940000,0.99990000,674534.25016000
2025-06-26,0.99990000,1.00030000,0.99970000,1.00000000,308672.94988000
2025-06-25,1.00010000,1.00880000,0.99990000,0.99990000,221053.02784000
2025-06-24,1.00010000,1.00140000,0.99990000,1.00010000,129573.99903000
2025-06-23,1.00010000,1.00020000,0.99990000,1.00000000,369391.78618000
2025-06-22,1.00000000,1.00950000,0.99980000,1.00010000,453612.12880000
2025-06-21,1.00000000,1.00000000,0.99980000,0.99990000,74174.02954000
2025-06-20,0.99990000,1.00000000,0.99980000,0.99990000,185550.62934000
2025-06-19,1.00000000,1.00000000,0.99960000,0.99990000,281547.66516000
2025-06-18,1.00000000,1.00070000,0.99980000,1.00000000,268850.67846000
2025-06-17,0.99990000,1.00950000,0.99980000,0.99990000,357429.70377000
2025-06-16,0.99990000,1.00010000,0.99980000,0.99990000,203227.58590000
2025-06-15,0.99990000,1.00060000,0.99980000,1.00000000,278858.96254000
2025-06-14,0.99990000,1.00000000,0.99980000,1.00000000,92182.93089000
2025-06-13,0.99990000,1.00410000,0.99980000,1.00000000,202049.34291000
2025-06-12,1.00000000,1.00090000,0.99980000,1.00000000,329344.98728000
2025-06-11,0.99990000,1.00070000,0.99980000,0.99990000,388355.92159000
2025-06-10,1.00000000,1.00000000,0.99980000,0.99990000,597438.50856000
2025-06-09,0.99990000,1.00000000,0.99950000,0.99990000,277680.99213000
2025-06-08,0.99990000,1.00000000,0.99990000,1.00000000,66991.05666000
2025-06-07,0.99990000,1.00000000,0.99990000,1.00000000,50396.70689000
2025-06-06,1.00000000,1.00020000,0.99980000,0.99990000,283497.06753000
2025-06-05,0.99990000,1.00000000,0.99980000,1.00000000,262585.46715000
2025-06-04,1.00000000,1.00000000,0.99980000,1.00000000,186492.99321000
2025-06-03,0.99990000,1.00000000,0.99980000,0.99990000,266112.49332000
2025-06-02,0.99990000,1.00000000,0.99980000,0.99980000,200563.61395000
2025-06-01,1.00000000,1.00010000,0.99980000,0.99990000,568405.86945000
2025-05-31,0.99990000,1.00010000,0.99990000,0.99990000,476088.92051000
2025-05-30,1.00000000,1.00010000,0.99990000,1.00000000,829647.09619000
2025-05-29,0.99990000,1.00010000,0.99990000,1.00000000,472048.47526000
2025-05-28,1.00000000,1.00020000,0.99990000,1.00000000,499219.81351000
2025-05-27,0.99990000,1.00010000,0.99990000,1.00000000,956807.37155000
2025-05-26,1.00000000,1.00000000,0.99980000,0.99990000,419999.62176000
2025-05-25,0.99990000,1.00000000,0.99980000,0.99990000,473305.23015000
2025-05-24,0.99990000,1.00010000,0.99990000,0.99990000,360463.11537000
2025-05-23,1.00000000,1.00010000,0.99970000,0.99990000,923015.86524000
2025-05-22,1.00000000,1.00060000,0.99980000,0.99990000,773873.75039000
2025-05-21,0.99990000,1.00090000,0.99980000,1.00000000,982445.80866000
2025-05-20,1.00000000,1.00020000,0.99950000,1.00000000,816197.22136000
2025-05-19,0.99990000,1.00020000,0.99980000,1.00000000,433917.99853000
2025-05-18,1.00000000,1.00010000,0.99980000,0.99990000,290294.39038000
2025-05-17,1.00000000,1.00010000,0.99980000,1.00000000,292284.36539000
2025-05-16,1.00000000,1.00010000,0.99980000,0.99990000,497758.70392000
2025-05-15,0.99990000,1.00000000,0.99980000,0.99990000,593998.60806000
2025-05-14,1.00000000,1.00030000,0.99080000,1.00000000,844356.35890000
2025-05-13,0.99990000,1.00010000,0.99950000,1.00000000,834878.35400000
2025-05-12,0.99990000,1.00010000,0.99980000,1.00000000,880937.95990000
2025-05-11,1.00000000,1.00020000,0.99980000,1.00000000,401852.75093000
2025-05-10,0.99990000,1.00170000,0.99990000,0.99990000,767494.53300000
2025-05-09,1.00000000,1.00020000,0.99950000,0.99990000,1128227.09121000
2025-05-08,0.99990000,1.00050000,0.99990000,0.99990000,606895.15636000
2025-05-07,0.99990000,1.00010000,0.99990000,1.00000000,288162.82436000
2025-05-06,0.99990000,1.00360000,0.99990000,1.00000000,444357.79577000
2025-05-05,1.00000000,1.00060000,0.99970000,0.99990000,1051501.91365000
2025-05-04,1.00000000,1.00030000,0.99990000,0.99990000,172762.26094000
2025-05-03,1.00000000,1.00010000,0.99980000,0.99990000,275688.36793000
2025-05-02,0.99990000,1.00070000,0.99980000,0.99990000,416536.01596000
2025-05-01,1.00000000,1.00060000,0.99980000,1.00000000,531161.73454000
2025-04-30,1.00000000,1.00060000,0.99980000,1.00000000,511122.63442000
2025-04-29,0.99980000,1.00400000,0.99980000,1.00000000,362108.78448000
2025-04-28,1.00000000,1.00030000,0.99980000,0.99980000,297012.65497000
2025-04-27,1.00000000,1.00000000,0.99980000,1.00000000,96074.98346000
2025-04-26,0.99990000,1.00530000,0.99910000,0.99990000,472690.62208000
2025-04-25,0.99990000,1.00020000,0.99980000,0.99990000,448239.90691000
2025-04-24,0.99990000,1.00000000,0.99970000,0.99990000,483135.27580000
2025-04-23,1.00000000,1.00000000,0.99980000,0.99990000,511809.06778000
2025-04-22,0.99980000,1.00000000,0.99960000,1.00000000,416700.25257000
2025-04-21,0.99990000,1.00000000,0.99980000,1.00000000,195026.62428000
2025-04-20,0.99980000,1.00000000,0.99980000,1.00000000,167634.90927000
2025-04-19,0.99990000,1.00000000,0.99980000,0.99980000,97307.01105000
2025-04-18,0.99990000,1.00010000,0.99980000,0.99990000,168848.09019000
2025-04-17,1.00000000,1.00000000,0.99980000,1.00000000,271447.40187000
2025-04-16,0.99990000,1.00030000,0.99950000,0.99980000,413649.86346000
2025-04-15,1.00000000,1.00000000,0.99910000,1.00000000,498862.04299000
2025-04-14,1.00000000,1.00000000,0.99250000,0.99990000,943085.90347000
2025-04-13,1.00000000,1.00190000,0.99520000,0.99990000,671611.50914000
2025-04-12,1.00000000,1.00060000,0.99980000,1.00010000,125541.10949000
2025-04-11,0.99990000,1.00010000,0.99980000,1.00000000,289241.45356000
2025-04-10,0.99990000,1.00190000,0.99980000,1.00000000,902358.97534000
2025-04-09,0.99990000,1.00000000,0.99950000,1.00000000,1563598.18639000
2025-04-08,1.00000000,1.00000000,0.99220000,1.00000000,816386.11419000
2025-04-07,1.00000000,1.00100000,0.99420000,0.99990000,1032623.21755000
2025-04-06,0.99990000,1.00100000,0.99980000,1.00000000,523771.90181000
2025-04-05,0.99990000,1.00000000,0.99980000,1.00000000,102852.90606000
2025-04-04,0.99980000,1.00000000,0.99980000,0.99990000,330419.41397000
2025-04-03,1.00000000,1.00000000,0.99980000,0.99980000,339866.28726000
2025-04-02,0.99990000,1.00000000,0.99180000,1.00000000,908939.46989000
2025-04-01,1.00000000,1.00000000,0.99980000,1.00000000,222766.35200000
2025-03-31,0.99990000,1.00020000,0.99980000,0.99990000,381034.69701000
2025-03-30,0.99980000,1.00000000,0.99970000,0.99990000,259455.52118000
2025-03-29,0.99990000,1.00000000,0.99060000,0.99990000,664083.30589000
2025-03-28,0.99990000,1.00000000,0.99970000,0.99990000,351093.06630000
2025-03-27,0.99990000,1.00000000,0.99960000,0.99990000,226806.16353000
2025-03-26,0.99990000,1.00000000,0.99980000,1.00000000,255513.51598000
2025-03-25,0.99990000,1.00000000,0.99980000,1.00000000,178855.13436000
2025-03-24,0.99990000,1.00000000,0.99980000,0.99990000,222970.98328000
2025-03-23,0.99980000,1.00010000,0.99970000,0.99990000,207123.08761000
2025-03-22,1.00000000,1.00010000,0.99950000,0.99990000,237052.34519000
2025-03-21,1.00000000,1.00000000,0.99980000,1.00000000,113620.33866000
2025-03-20,0.99990000,1.00000000,0.99980000,1.00000000,114267.99528000
2025-03-19,0.99980000,1.00000000,0.99950000,0.99990000,228462.17604000
2025-03-18,1.00000000,1.00000000,0.99970000,0.99980000,177735.06604000
2025-03-17,1.00000000,1.00000000,0.99970000,1.00000000,236093.19552000
2025-03-16,0.99980000,1.00000000,0.99980000,1.00000000,99662.89026000
2025-03-15,0.99980000,0.99990000,0.99980000,0.99980000,156674.91784000
2025-03-14,0.99990000,1.00000000,0.99970000,0.99990000,127175.43454000
2025-03-13,0.99990000,1.00000000,0.99940000,0.99990000,512897.28473000
2025-03-12,1.00000000,1.00000000,0.99960000,0.99980000,268404.66612000
2025-03-11,0.99980000,1.00090000,0.99970000,0.99990000,568407.11175000
2025-03-10,1.00000000,1.00090000,0.99950000,0.99980000,893898.63841000
2025-03-09,0.99990000,1.00000000,0.99970000,0.99990000,386796.51178000
2025-03-08,0.99980000,0.99990000,0.99970000,0.99980000,117892.20028000
2025-03-07,0.99990000,1.00000000,0.99960000,0.99980000,432675.71201000
2025-03-06,0.99990000,1.00010000,0.99980000,0.99990000,211984.03157000
2025-03-05,0.99980000,1.00000000,0.99970000,1.00000000,413456.94874000
2025-03-04,1.00000000,1.00010000,0.99960000,0.99990000,491645.73743000
2025-03-03,0.99980000,1.00010000,0.99980000,0.99980000,696252.61445000
2025-03-02,0.99980000,1.00000000,0.99940000,0.99980000,1388470.90953000
2025-03-01,0.99990000,1.00840000,0.99980000,1.00000000,538569.34111000
2025-02-28,0.99980000,1.00240000,0.99900000,0.99990000,1558125.90897000
2025-02-27,0.99990000,1.00000000,0.99900000,0.99980000,608679.17960000
2025-02-26,0.99990000,1.00000000,0.99980000,0.99990000,524400.39192000
2025-02-25,1.00000000,1.00800000,0.99960000,0.99990000,1212874.58835000
2025-02-24,0.99980000,1.00000000,0.99830000,1.00000000,869594.17079000
2025-02-23,0.99990000,1.00000000,0.99940000,0.99980000,361140.35166000
2025-02-22,0.99980000,1.00000000,0.99980000,0.99980000,90835.56127000
2025-02-21,0.99980000,1.00000000,0.99980000,0.99990000,290367.37998000
2025-02-20,0.99980000,0.99990000,0.99970000,0.99980000,186629.85702000
2025-02-19,0.99980000,0.99990000,0.99960000,0.99980000,249954.33174000
2025-02-18,0.99980000,1.00000000,0.99940000,0.99990000,303125.85691000
2025-02-17,0.99990000,1.00000000,0.99980000,0.99990000,172698.46169000
2025-02-16,0.99980000,1.00000000,0.99980000,1.00000000,170639.02549000
2025-02-15,0.99990000,1.00000000,0.99980000,1.00000000,355257.41185000
2025-02-14,0.99990000,1.00000000,0.99950000,0.99990000,367312.98644000
2025-02-13,0.99990000,1.00020000,0.99910000,0.99990000,913241.62878000
2025-02-12,0.99980000,1.00000000,0.99900000,0.99990000,922215.88824000
2025-02-11,1.00000000,1.00000000,0.99980000,0.99990000,438973.29893000
2025-02-10,0.99990000,1.00000000,0.99980000,1.00000000,303249.20128000
2025-02-09,1.00000000,1.00320000,0.99990000,1.00020000,361040.73933000
2025-02-08,0.99990000,1.00010000,0.99990000,1.00000000,421211.88444000
2025-02-07,0.99990000,1.00010000,0.99990000,0.99990000,392028.04180000
2025-02-06,0.99990000,1.00000000,0.99840000,0.99990000,850302.86671000
2025-02-05,0.99990000,1.00000000,0.99980000,1.00000000,739100.22836000
2025-02-04,1.00000000,1.00000000,0.99980000,0.99990000,689692.36220000
2025-02-03,0.99990000,1.00010000,0.99900000,0.99990000,1735567.40323000
2025-02-02,1.00000000,1.00000000,0.99980000,0.99990000,2408809.75708000
2025-02-01,0.99990000,1.00000000,0.99980000,1.00000000,912055.61071000
2025-01-31,0.99990000,1.00000000,0.99890000,0.99990000,1142958.38730000
2025-01-30,0.99990000,1.00000000,0.99970000,0.99990000,638152.55939000
2025-01-29,0.99990000,1.00000000,0.99980000,1.00000000,978414.28872000
2025-01-28,0.99990000,1.00000000,0.99980000,1.00000000,1804825.58398000
2025-01-27,1.00000000,1.00000000,0.99460000,0.99990000,4592234.47642000
2025-01-26,0.99990000,1.00000000,0.99980000,1.00000000,793963.70850000
2025-01-25,1.00000000,1.00000000,0.99980000,1.00000000,640919.44078000
2025-01-24,1.00000000,1.00030000,0.99970000,1.00000000,3080208.32857000
2025-01-23,1.00000000,1.00000000,0.99980000,1.00000000,2217662.41848000
2025-01-22,0.99990000,1.00000000,0.99980000,0.99990000,1054583.11905000
2025-01-21,0.99990000,1.00000000,0.99970000,0.99990000,1226116.56881000
2025-01-20,1.00000000,1.00000000,0.99930000,0.99990000,1458007.38068000
2025-01-19,0.99990000,1.00000000,0.99050000,0.99990000,2399599.40254000
2025-01-18,1.00010000,1.00010000,0.99740000,1.00000000,1420947.01896000
2025-01-17,1.00000000,1.00940000,0.99980000,1.00000000,1243123.81414000
2025-01-16,1.00000000,1.00000000,0.99980000,1.00000000,1281997.14784000
2025-01-15,0.99990000,1.00000000,0.99980000,0.99990000,1659001.85695000
2025-01-14,0.99990000,1.00010000,0.99980000,0.99990000,791811.36872000
2025-01-13,0.99990000,1.00010000,0.99980000,0.99990000,2743795.85019000
2025-01-12,1.00000000,1.00000000,0.99990000,0.99990000,894340.55074000
2025-01-11,0.99990000,1.00000000,0.99980000,0.99990000,2661514.88284000
2025-01-10,0.99990000,1.00000000,0.99980000,1.00000000,1460264.94658000
2025-01-09,0.99990000,1.00000000,0.99910000,0.99990000,838989.10270000
2025-01-08,1.00000000,1.00000000,0.99830000,0.99990000,844695.04790000
2025-01-07,0.99980000,1.00000000,0.99940000,1.00000000,2106500.92748000
2025-01-06,0.99990000,1.00000000,0.99630000,1.00000000,1036728.52616000
2025-01-05,0.99990000,1.00000000,0.99990000,0.99990000,421963.09933000
2025-01-04,1.00000000,1.00000000,0.99980000,0.99990000,877990.95489000
2025-01-03,0.99990000,1.00000000,0.99980000,0.99980000,557970.84143000
2025-01-02,1.00000000,1.00190000,0.99630000,0.99990000,1005367.21503000
2025-01-01,0.99990000,1.01000000,0.99980000,1.00010000,1205999.45570000
2024-12-31,1.00000000,1.00030000,0.99980000,0.99990000,769079.06770000
2024-12-30,1.00000000,1.00000000,0.99860000,0.99980000,894192.23741000
2024-12-29,1.00000000,1.00000000,0.99980000,0.99990000,297756.66088000
2024-12-28,1.00010000,1.00060000,0.99990000,1.00000000,649748.34420000
2024-12-27,1.00000000,1.00070000,0.99990000,1.00010000,897263.96855000
2024-12-26,0.99990000,1.00020000,0.99990000,0.99990000,944766.78511000
2024-12-25,0.99980000,1.00000000,0.99980000,1.00000000,736206.62150000
2024-12-24,1.00000000,1.00200000,0.99980000,0.99990000,1374116.49607000
2024-12-23,0.99990000,1.00060000,0.99530000,0.99990000,1389410.31637000
2024-12-22,1.00042852,1.00137202,0.99485943,0.99901691,210066609.32499391
2024-12-21,1.00090206,1.00288387,0.99923054,1.00097448,218736404.41999334
2024-12-20,0.99946310,1.00367208,0.99792719,1.00012377,245288936.95448315
2024-12-19,0.99866825,1.00408533,0.99794466,0.99794466,162621105.19037470
2024-12-18,1.00018151,1.00203764,0.99654968,0.99751415,89111127.50010057
2024-12-17,1.00057247,1.00065950,0.99919222,0.99946454,146339003.03843063
2024-12-16,0.99980420,1.00151924,0.99878637,1.00066683,142391409.87293488
2024-12-15,0.99974897,1.00138113,0.99923763,0.99968452,110333629.20770861
2024-12-14,1.00045475,1.00102968,0.99897118,0.99979187,114953030.40165645
2024-12-13,0.99990498,1.00209596,0.99768653,0.99959352,123862655.16916871
2024-12-12,0.99952488,1.00265831,0.99740910,0.99949839,128379716.29209761
2024-12-11,0.99976428,1.00333540,0.99778810,1.00107067,136641801.97478768
2024-12-10,0.99958700,1.00228748,0.99539649,1.00113042,173931355.89159787
2024-12-09,1.00225460,1.00225460,0.99770755,1.00049247,155706941.43877080
2024-12-08,0.99986534,1.00123332,0.99858742,1.00061413,92468558.39336625
2024-12-07,0.99985515,1.00067754,0.99879832,1.00023081,125437367.06441961
2024-12-06,1.00037310,1.00292330,0.99803882,0.99963971,217186047.15957725
2024-12-05,0.99916565,1.00335570,0.99810765,0.99871811,166267243.21178448
2024-12-04,0.99994385,1.00180077,0.99805784,0.99951167,163829155.10033992
2024-12-03,1.00056629,1.00252642,0.99548488,0.99905630,188939519.51563749
2024-12-02,0.99966767,1.00137940,0.99796105,0.99994503,131124540.81648718
2024-12-01,1.00046421,1.00124369,0.99886547,0.99886547,70018376.88442960
2024-11-30,0.99918394,1.00174063,0.99918394,0.99940044,85604458.41979012
2024-11-29,1.00038738,1.00229545,0.99770774,1.00040492,99088890.53685328
2024-11-28,0.99990874,1.00292145,0.99775228,0.99991836,156884372.30221415
2024-11-27,1.00038098,1.00362192,0.99782783,1.00093020,167221394.12773147
2024-11-26,1.00127301,1.00235231,0.99590271,1.00080572,221149502.23033968
2024-11-25,1.00080917,1.00274610,0.99631568,1.00256790,123970923.76773976
2024-11-24,1.00020182,1.00221534,0.99848034,1.00092972,105199552.71762459
2024-11-23,0.99886581,1.00124291,0.99886581,0.99911873,136480692.17755544
2024-11-22,0.99974361,1.00168145,0.99756847,0.99953409,154415993.37530854
2024-11-21,1.00020746,1.00443403,0.99652830,1.00101900,150325261.19345269
2024-11-20,0.99955863,1.00251880,0.99882114,0.99972710,152528831.12920931
2024-11-19,0.99968021,1.00312561,0.99894740,0.99952626,111642101.07830140
2024-11-18,1.00011312,1.00472121,0.99517506,0.99899717,152750381.70437980
2024-11-17,1.00116504,1.00177066,0.99789059,0.99808679,106452234.29652336
2024-11-16,1.00231607,1.00231607,0.99834861,0.99993001,290019081.84050286
2024-11-15,0.99964409,1.00323799,0.99662792,0.99662792,231777671.97892138
2024-11-14,1.00131924,1.00268731,0.99739540,0.99739540,174165796.70995229
2024-11-13,0.99853532,1.00324419,0.99384356,1.00164866,162716997.79448465
2024-11-12,0.99603625,1.00457952,0.99557283,0.99571618,207523294.71773231
2024-11-11,1.00034443,1.00218889,0.99752542,1.00008018,108720922.96773231
2024-11-10,0.99879169,1.00165318,0.99770261,1.00069447,76933708.88128477
2024-11-09,1.00002766,1.00082869,0.99947765,0.99977338,75024676.20946246
2024-11-08,0.99927823,1.00120675,0.99881449,1.00080952,213745075.29946280
2024-11-07,1.00008995,1.00248940,0.99700766,0.99926976,140345820.43636450
2024-11-06,1.00052154,1.00247405,0.99552273,1.00110489,95440613.19915916
2024-11-05,1.00059925,1.00197464,0.99285342,0.99886312,56974461.32516403
2024-11-04,0.99827897,1.00298114,0.99751951,1.00298114,60029373.47743818
2024-11-03,0.99921986,1.00208501,0.99872978,1.00051219,39705835.09541236
2024-11-02,1.00063003,1.00071173,0.99855629,1.00026577,54264564.49434280
2024-11-01,1.00057617,1.00150946,0.99711719,0.99974079,85286849.39358881
2024-10-31,1.00042486,1.00131326,0.99700716,0.99891792,70218899.01078011
2024-10-30,0.99985235,1.00295838,0.99890722,1.00131526,75498154.46366052
2024-10-29,1.00051262,1.00314185,0.99674031,0.99957866,73145490.61620535
2024-10-28,0.99981837,1.00149197,0.99815679,1.00014660,41800489.29785651
2024-10-27,0.99920905,1.00167910,0.99910884,1.00167910,33473197.98908356
2024-10-26,1.00004260,1.00134256,0.99888865,1.00060201,158699948.46665058
2024-10-25,1.00027778,1.00145339,0.99720369,1.00110114,68757306.65310204
2024-10-24,0.99926148,1.00291149,0.99725030,0.99987074,58631506.03363120
2024-10-23,1.00012498,1.00151640,0.99772831,1.00026614,67410339.88473296
2024-10-22,0.99966458,1.00120688,0.99861826,1.00120688,103088917.41971922
2024-10-21,0.99985306,1.00086817,0.99753113,0.99978780,60148081.04427611
2024-10-20,0.99998594,1.00172564,0.99931600,1.00124219,28439797.01656613
2024-10-19,1.00052158,1.00052158,0.99932441,0.99932441,39102057.15875969
2024-10-18,0.99979855,1.00167744,0.99905007,0.99927387,52532608.62452988
2024-10-17,0.99995724,1.00160881,0.99851877,1.00093201,57501396.47512759
2024-10-16,0.99961556,1.00353425,0.99827133,1.00074520,68626801.58889976
2024-10-15,1.00023091,1.00130435,0.99674744,0.99962521,81748892.45424600
2024-10-14,0.99974317,1.00125283,0.99860498,1.00008894,57459421.82207863
2024-10-13,0.99983507,1.00046064,0.99924564,0.99924564,43426748.71184267
2024-10-12,1.00079890,1.00104265,0.99961883,0.99969215,75115601.85420208
2024-10-11,0.99944201,1.00096992,0.99944201,1.00051333,135062291.25020108
2024-10-10,0.99967008,1.00132854,0.99469747,1.00004919,79026479.48818853
2024-10-09,0.99982469,1.00080959,0.99888531,1.00039299,106351277.14309591
2024-10-08,0.99943885,1.00264317,0.99894570,1.00016371,75456097.77319050
2024-10-07,0.99993211,1.00123071,0.99903175,0.99949015,73607052.98439239
2024-10-06,0.99965521,1.00091331,0.99863078,1.00091331,43462605.57611544
2024-10-05,1.00035444,1.00047374,0.99907066,1.00020028,65870661.61361680
2024-10-04,1.00017414,1.00108297,0.99914410,0.99969041,125101537.24661122
2024-10-03,0.99909912,1.00135519,0.99821316,1.00102585,103565371.33181420
2024-10-02,0.99935808,1.00256990,0.99841944,1.00013254,110077767.43626437
2024-10-01,1.00013285,1.00124502,0.99908959,1.00002110,172635198.83762676
2024-09-30,0.99888718,1.00075326,0.99827602,1.00017059,131584171.22915514
2024-09-29,0.99958791,1.00056065,0.99919798,0.99992142,40973854.28930984
2024-09-28,0.99995833,1.00025251,0.99940908,1.00005581,78642228.50275473
2024-09-27,1.00028200,1.00153177,0.99815316,0.99996874,110275305.07264648
2024-09-26,1.00024969,1.00086309,0.99872819,1.00028346,86958351.18813889
2024-09-25,0.99985152,1.00104453,0.99905960,0.99915165,66052175.33307196
2024-09-24,0.99995044,1.00135980,0.99794968,1.00135980,71883588.35744496
2024-09-23,0.99931737,1.00071078,0.99741885,0.99920733,55045281.29316024
2024-09-22,1.00007078,1.00035170,0.99808924,0.99808924,61573966.96216415
2024-09-21,1.00092289,1.00128720,0.99967424,1.00023167,81054262.87728395
2024-09-20,0.99951806,1.00257947,0.99833959,1.00055082,81299485.89660577
2024-09-19,1.00356118,1.00356118,0.99780438,1.00030323,87908644.33532050
2024-09-18,0.99957847,1.00149125,0.99839618,1.00049535,66534987.85377447
2024-09-17,1.00067788,1.00186315,0.99879329,0.99915558,68157043.24383435
2024-09-16,0.99979360,1.00109605,0.99598342,1.00006188,51486313.45353931
2024-09-15,0.99978168,1.00063517,0.99914561,0.99914561,36151715.06205957
2024-09-14,1.00013521,1.00145015,0.99924856,1.00008435,65994022.48010518
2024-09-13,1.00041632,1.00111751,0.99945683,1.00099726,52331500.36255053
2024-09-12,1.00079202,1.00108732,0.99898399,0.99972932,170248009.06806210
2024-09-11,0.99968987,1.00081201,0.99810046,0.99928790,101140718.40117401
2024-09-10,0.99993031,1.00036884,0.99878959,0.99986446,78190863.67711498
2024-09-09,0.99900389,1.00212625,0.99900389,1.00076195,69052076.58181415
2024-09-08,1.00009537,1.00080164,0.99971395,1.00076232,62953207.99861564
2024-09-07,1.00036240,1.00077279,0.99950375,1.00055856,148825762.21245337
2024-09-06,1.00012057,1.00083224,0.99760924,1.00055944,78667693.81030604
2024-09-05,1.00054829,1.00165428,0.99809649,0.99809649,86838764.09311514
2024-09-04,1.00051991,1.00172504,0.98932009,0.99998015,105440944.86237609
2024-09-03,1.00057201,1.00115828,0.99941201,1.00029774,91641118.97093780
2024-09-02,1.00020129,1.00158972,0.99928846,1.00158972,105805861.34354028
2024-09-01,1.00011862,1.00083270,0.99766894,0.99766894,56310878.13855307
2024-08-31,1.00101119,1.00101119,0.99897790,0.99953153,70250721.96420366
2024-08-30,1.00023269,1.00431460,0.99826284,0.99964002,83280194.85036848
2024-08-29,1.00017704,1.00127913,0.99730534,1.00010694,119186204.38053951
2024-08-28,0.99943944,1.00201528,0.99890720,0.99947729,175516906.68868557
2024-08-27,0.99940413,1.00266785,0.99818282,0.99821941,109576929.54518835
2024-08-26,0.99950162,1.00087991,0.99821741,0.99909491,92900321.23058115
2024-08-25,1.00109397,1.00109397,0.99940656,0.99980890,77210441.85453908
2024-08-24,0.99999554,1.00143749,0.99905647,0.99931957,120136549.56352346
2024-08-23,1.00042271,1.00218963,0.99767100,1.00010186,115106892.51733758
2024-08-22,1.00029790,1.00267286,0.99901880,0.99909239,102479727.35344186
2024-08-21,0.99891047,1.00127418,0.99821581,1.00127418,91067245.38284947
2024-08-20,0.99900119,1.00086175,0.99609520,0.99904889,110695306.72127910
2024-08-19,0.99770822,1.00129167,0.99562728,0.99973555,110072094.31436312
2024-08-18,0.99960088,1.00087920,0.99837732,0.99972248,91692588.21140985
2024-08-17,0.99955471,1.00050224,0.99901492,0.99966279,111320812.83701375
2024-08-16,0.99841383,1.00184829,0.99841383,1.00035546,152601029.13872972
2024-08-15,0.99910567,1.00201539,0.99709702,0.99901819,129418793.26473086
2024-08-14,0.99995089,1.00052564,0.99581438,0.99757919,129239939.23031206
2024-08-13,1.00048118,1.00122501,0.99801008,0.99862192,156990371.20972681
2024-08-12,0.99890334,1.00059890,0.99758652,0.99955117,114164001.18707404
2024-08-11,1.00013298,1.00112608,0.99756458,1.00079048,82871793.62761912
2024-08-10,0.99826101,1.00108420,0.99819154,0.99949085,112977549.43565828
2024-08-09,0.99699636,1.00260759,0.99699636,0.99892466,190023561.66685233
2024-08-08,0.99988220,1.00183943,0.99684221,1.00003620,206414319.35797763
2024-08-07,1.00010641,1.00160776,0.99592157,0.99976802,400832156.19401729
2024-08-06,1.00195946,1.00196821,0.99698977,0.99951777,637188853.75848544
2024-08-05,0.99907039,1.00434372,0.99624296,1.00179990,777697315.21760094
2024-08-04,1.00041011,1.00181788,0.99836749,1.00055287,145219562.22891811
2024-08-03,0.99958053,1.00138709,0.99739045,1.00027830,212909343.08891553
2024-08-02,0.99985773,1.00119679,0.99724172,0.99949132,187923745.77994382
2024-08-01,0.99960986,1.00168009,0.99900722,0.99967113,149960913.18476993
2024-07-31,0.99880895,1.00116680,0.99705253,0.99895227,109904135.37754759
2024-07-30,0.99936555,1.00010198,0.99917375,0.99919249,152800801.80881694
2024-07-29,1.00074517,1.00319888,0.99918937,1.00062420,135311095.91099814
2024-07-28,1.00030180,1.00114287,0.99867902,1.00063760,153660434.45753112
2024-07-27,1.00024695,1.00111920,0.99691014,0.99895013,138951861.94054335
2024-07-26,1.00106315,1.00232705,0.99771341,1.00049822,209459347.01968300
2024-07-25,0.99954887,1.00138024,0.99786147,1.00050880,244367188.69211394
2024-07-24,0.99938844,1.00107898,0.99827202,0.99827202,180946181.03494361
2024-07-23,1.00005474,1.00126779,0.99630963,0.99905067,183451999.25555933
2024-07-22,1.00043865,1.00150808,0.99721471,0.99971126,128207144.78629723
2024-07-21,0.99910419,1.00103922,0.99860250,1.00103922,87140453.60323638
2024-07-20,0.99968139,1.00078889,0.99792007,1.00021901,135399935.91782299
2024-07-19,0.99912586,1.00029631,0.99786541,0.99976189,170005837.06296802
2024-07-18,0.99865922,1.00051200,0.99819629,0.99934389,186790333.76835927
2024-07-17,1.00010205,1.00126669,0.99765744,0.99896793,160910371.45069972
2024-07-16,1.00096083,1.00272102,0.99814053,0.99827451,236843736.73282340
2024-07-15,0.99653643,1.00061854,0.99653643,0.99995842,147189125.11452353
2024-07-14,1.00157619,1.00157619,0.99817859,0.99944384,132306128.90891540
2024-07-13,0.99976370,1.00061103,0.99878699,0.99960739,152789707.07847092
2024-07-12,1.00027876,1.00027876,0.99854771,1.00009571,321353303.14356625
2024-07-11,0.99966311,1.00044160,0.99698209,1.00023216,171643084.37782097
2024-07-10,0.99967373,1.00153226,0.99740743,0.99989832,149215146.33686385
2024-07-09,0.99987399,1.00207450,0.99679087,0.99997691,127120807.77400255
2024-07-08,0.99964201,1.00317720,0.99710213,1.00037945,474252630.24216574
2024-07-07,1.00016421,1.00016421,0.99781118,0.99860660,822453299.31945646
2024-07-06,0.99883177,1.00063025,0.99860417,0.99974878,1036760350.16376364
2024-07-05,0.99645424,1.00074042,0.99645424,1.00065617,1098543657.53165030
2024-07-04,1.00125163,1.00378400,0.99781731,0.99975181,585796556.95282316
2024-07-03,0.99940533,1.00058219,0.99702107,0.99849128,486434222.49191421
2024-07-02,0.99956192,1.00041659,0.99846144,0.99952692,527822821.37840915
2024-07-01,1.00073582,1.00073582,0.99872467,1.00018595,405951032.72105789
2024-06-30,0.99785462,1.00258302,0.99785462,1.00055009,348739862.91626185
2024-06-29,0.99945583,1.00051403,0.99899521,0.99935117,382153511.45772314
2024-06-28,1.00043359,1.00099181,0.99844045,0.99911669,431578643.00076878
2024-06-27,1.00054612,1.00054612,0.99783457,0.99901750,388923343.08043557
2024-06-26,0.99994917,1.00058800,0.99829626,1.00011399,365067197.63812667
2024-06-25,0.99934091,1.00122916,0.99854735,1.00016762,464373950.84375381
2024-06-24,0.99839122,1.00102791,0.99696611,0.99884330,349090638.02884793
2024-06-23,0.99955490,0.99969804,0.99868242,0.99934743,259284136.27838269
2024-06-22,0.99912595,0.99985273,0.99888058,0.99927035,377452994.58638507
2024-06-21,0.99860915,1.00138207,0.99793236,1.00014948,450484183.60901123
2024-06-20,0.99713901,0.99980729,0.99701448,0.99892285,491862685.58766258
2024-06-19,0.99932281,1.00018800,0.99722768,0.99835883,555919136.73601663
2024-06-18,0.99978786,1.00005254,0.99816991,0.99919812,559695182.45353723
2024-06-17,0.99876106,0.99984246,0.99834675,0.99870478,342837390.34491485
2024-06-16,0.99921781,1.00079971,0.99811769,0.99930509,311121830.04726589
2024-06-15,1.00042133,1.00089439,0.99799427,0.99932592,384608413.53289843
2024-06-14,1.00026133,1.00114787,0.99680758,0.99933556,332755302.46122086
2024-06-13,1.00006946,1.00121107,0.99881658,0.99972206,318052674.86513251
2024-06-12,1.00020614,1.00415147,0.99876498,0.99952870,296432478.19058788
2024-06-11,1.00009585,1.00342207,0.99778285,1.00062147,338149188.17896855
2024-06-10,0.99915998,1.00012278,0.99794892,0.99930279,428547972.51367539
2024-06-09,1.00009515,1.00041993,0.99849579,0.99849579,360583698.57118410
2024-06-08,0.99958097,1.00211707,0.99848551,0.99956550,320486890.86767560
2024-06-07,0.99870073,1.00027347,0.99668407,1.00004787,249076678.55985117
2024-06-06,0.99929017,1.00016190,0.99817314,0.99971648,270333089.12087876
2024-06-05,1.00018804,1.00068833,0.99823929,0.99935214,314305291.98894054
2024-06-04,1.00114035,1.00122785,0.99787956,1.00010610,330650984.66521716
2024-06-03,0.99980671,1.00046578,0.99847984,0.99847984,340612702.68341911
2024-06-02,0.99947120,1.00003504,0.99880843,0.99975041,218281859.09705505
2024-06-01,0.99900130,1.00048658,0.99791263,0.99825894,276660929.88797861
2024-05-31,0.99913916,1.00089273,0.99765560,0.99988547,330177850.15623063
2024-05-30,1.00052716,1.00141502,0.99911510,1.00053658,326211184.53621268
2024-05-29,0.99935678,1.00075872,0.99729870,1.00020080,261782963.79447195
2024-05-28,0.99967835,1.00030262,0.99818736,0.99919748,266724657.10058084
2024-05-27,0.99982701,1.00196615,0.99881633,0.99881633,230284057.83738256
2024-05-26,0.99994281,1.00062885,0.99849408,1.00026131,188338293.22307274
2024-05-25,0.99965850,1.00056437,0.99849555,0.99916359,307987252.47851050
2024-05-24,0.99861649,1.00282363,0.99813896,0.99998382,417275007.45455563
2024-05-23,1.00054050,1.00172918,0.99622012,0.99932212,392610359.47607267
2024-05-22,1.00029318,1.00112024,0.99857014,0.99977525,468503020.82020819
2024-05-21,0.99892020,1.00116229,0.99733974,1.00116229,754195617.36143506
2024-05-20,0.99989959,1.00311849,0.99881768,1.00134202,565120204.82298017
2024-05-19,1.00154673,1.00198516,0.99716073,0.99893277,528691595.51635575
2024-05-18,0.99939739,1.00087711,0.99890411,1.00002980,556609860.57751977
2024-05-17,0.99992228,1.00161247,0.99777089,0.99974786,488302216.39027739
2024-05-16,0.99963130,1.00085937,0.99859572,0.99930286,569121982.30999470
2024-05-15,1.00000828,1.00072933,0.99773344,0.99941681,756551814.67180514
2024-05-14,0.99943401,1.00062688,0.99812881,0.99812881,735969571.23644781
2024-05-13,0.99963257,1.00058355,0.99783395,0.99926151,614482764.59798992
2024-05-12,0.99969464,1.00132407,0.99868848,0.99868848,670514970.44283009
2024-05-11,0.99953459,1.00003185,0.99832961,0.99959506,613618603.37020254
2024-05-10,0.99910857,1.00254872,0.99879862,1.00116264,634245185.82904470
2024-05-09,0.99790185,1.00184262,0.99790185,0.99919034,646765903.35320067
2024-05-08,0.99950444,1.00080588,0.99771963,0.99771963,577808214.58859503
2024-05-07,0.99932542,1.00070672,0.99840024,0.99953761,647666121.64678502
2024-05-06,1.00042588,1.00114861,0.99852205,0.99930352,607653350.05611026
2024-05-05,1.00011123,1.00025487,0.99895777,0.99986653,558106493.86298168
2024-05-04,1.00026696,1.00086940,0.99694176,0.99977840,744894131.60555494
2024-05-03,0.99947357,1.00312294,0.99883660,0.99972098,541726837.30771506
2024-05-02,0.99825467,1.00239554,0.99787960,1.00239554,614311721.44054699
2024-05-01,0.99920688,1.00170331,0.99791790,0.99936652,871653944.31670988
2024-04-30,0.99926563,1.00061959,0.99436534,0.99948020,586665872.28538609
2024-04-29,0.99960946,1.00164823,0.99778514,1.00028134,737440686.48920178
2024-04-28,0.99927125,0.99962999,0.99808206,0.99930558,454855076.94200641
2024-04-27,0.99946491,1.00064082,0.99894315,0.99926843,626405593.00763953
2024-04-26,0.99972513,1.00133143,0.99881521,0.99923162,604014879.41228759
2024-04-25,0.99926257,1.00169999,0.99801359,0.99880874,479544754.59227359
2024-04-24,0.99969861,1.00193224,0.99615403,0.99958931,449486397.38083220
2024-04-23,0.99937300,1.00084366,0.99931735,0.99983017,420911808.19349533
2024-04-22,0.99988212,1.00227389,0.99821888,1.00016476,282773219.57299572
2024-04-21,0.99928092,1.00226391,0.99913046,1.00010854,512943667.27502477
2024-04-20,1.00098112,1.00209122,0.99784069,0.99784069,1026599388.15615034
2024-04-19,0.99922227,1.00261102,0.99871275,1.00098010,702637547.88085854
2024-04-18,0.99931959,1.00148644,0.99848242,1.00007193,446907920.89969134
2024-04-17,1.00060923,1.00337779,0.99825242,0.99981489,786552736.37606978
2024-04-16,0.99879816,1.00118321,0.99824254,0.99882997,495990130.08986378
2024-04-15,1.00058965,1.00058965,0.99718748,0.99978618,511778734.85373855
2024-04-14,1.00184240,1.00184240,0.99845068,0.99948674,796191223.46537781
2024-04-13,0.99932947,1.00354713,0.99532138,1.00354713,730579142.83773088
2024-04-12,0.99937131,1.00045164,0.99756036,1.00008056,322744505.54876566
2024-04-11,1.00025024,1.00111171,0.99571048,0.99954271,335141144.85631907
2024-04-10,0.99931875,1.00060039,0.99821756,0.99854634,356975814.86068356
2024-04-09,0.99861404,1.00040882,0.99706269,0.99961842,487692520.62711501
2024-04-08,1.00082004,1.00194064,0.99808582,0.99818253,543809383.64496779
2024-04-07,1.00018930,1.00208280,0.99923196,1.00045692,616746894.98542213
2024-04-06,1.00055597,1.00295721,0.99913416,0.99956704,687650658.03888369
2024-04-05,1.00016589,1.00149731,0.99723977,0.99868745,967025704.36083329
2024-04-04,0.99893146,0.99952171,0.99434361,0.99905795,940358060.81846321
2024-04-03,0.99898803,1.00125336,0.99732983,0.99915176,530644284.22033209
2024-04-02,0.99811698,1.00131404,0.99751792,1.00000457,321527406.40927368
2024-04-01,0.99879284,0.99993972,0.99694792,0.99845161,187231281.15541717
2024-03-31,0.99835167,0.99986898,0.99637946,0.99986898,246217872.99667251
2024-03-30,0.99893353,1.00092930,0.99834219,0.99858058,427064959.86868364
2024-03-29,0.99774140,1.00117169,0.99751392,0.99963659,662757013.10956240
2024-03-28,0.99749079,0.99980189,0.99482819,0.99758346,989168571.72276926
2024-03-27,0.99958192,0.99958192,0.99353509,0.99869828,536232990.23463178
2024-03-26,0.99958935,1.00180853,0.99756649,0.99809279,366160536.12411386
2024-03-25,0.99783303,1.00327828,0.99783303,0.99987394,357473072.30349898
2024-03-24,0.99843035,1.00316148,0.99796160,1.00316148,590439816.29898477
2024-03-23,0.99919654,1.00011697,0.99724588,0.99955823,630443051.77755988
2024-03-22,0.99909289,1.00029925,0.99627004,0.99927553,539596805.11550212
2024-03-21,0.99905299,1.00121756,0.99833686,0.99982224,462537150.21395546
2024-03-20,0.99999858,1.00036079,0.99503657,0.99953766,675563487.70223808
2024-03-19,0.99898256,1.00161994,0.99654935,0.99912749,652650210.55092251
2024-03-18,0.99926863,1.00105562,0.99633135,0.99922700,287013747.54270703
2024-03-17,0.99849551,1.00053268,0.99744333,1.00053268,760387906.99626470
2024-03-16,0.99840361,0.99931551,0.99664420,0.99780514,958043690.14339280
2024-03-15,0.99923129,1.00221105,0.99683643,0.99938483,745145700.70159960
2024-03-14,0.99947396,1.00118091,0.99686958,0.99836369,492013214.84200728
2024-03-13,0.99990189,1.00097057,0.99782308,1.00097057,532505441.63882101
2024-03-12,0.99899041,1.00094281,0.99491715,0.99863992,672736937.45719779
2024-03-11,1.00038651,1.00185862,0.99778233,0.99961941,519699318.40814108
2024-03-10,1.00150716,1.00328493,1.00021818,1.00069753,287446522.75611234
2024-03-09,1.00087145,1.00504239,1.00082251,1.00167703,442937375.19234180
2024-03-08,1.00372802,1.00372802,0.99543798,1.00020268,554892460.81090021
2024-03-07,1.00152043,1.00382175,0.99740724,1.00382175,946646368.91536665
2024-03-06,1.00018816,1.00263483,0.99732075,1.00130303,893883996.26971829
2024-03-05,0.99890149,1.00220694,0.99668608,1.00096687,372560935.30167121
2024-03-04,1.00086880,1.00281285,0.99554368,0.99709226,262905377.80454764
2024-03-03,0.99824998,1.00202394,0.99819151,1.00131368,258669910.34090731
2024-03-02,0.99856132,1.00247793,0.99712643,0.99835338,306176972.79205567
2024-03-01,0.99716088,1.00115584,0.99716088,0.99927107,233996430.05485821
2024-02-29,0.99981247,1.00364147,0.99671310,1.00216217,294282822.06911314
2024-02-28,0.99936303,1.00502361,0.99582564,0.99963329,355125387.41851467
2024-02-27,0.99896920,1.00345338,0.99316205,0.99715320,338262350.76531231
2024-02-26,1.00067865,1.00243550,0.99640082,1.00165443,137602039.87413895
2024-02-25,0.99895219,1.00143318,0.99805940,1.00143318,117161942.95455676
2024-02-24,0.99924911,0.99964203,0.99766701,0.99928205,116634469.68219359
2024-02-23,0.99948297,1.00092330,0.99689101,0.99892218,145270740.89552358
2024-02-22,1.00038710,1.00115437,0.99665265,0.99968831,167609027.04206768
2024-02-21,1.00015798,1.00173421,0.99634912,1.00051954,174713673.12596545
2024-02-20,0.99967087,1.00140559,0.99780239,1.00031607,140956053.43636179
2024-02-19,0.99985798,1.00198515,0.99675412,1.00031854,97864445.59938686
2024-02-18,0.99995878,1.00098567,0.99846490,1.00011537,85351571.65831308
2024-02-17,0.99947630,1.00097640,0.99915284,1.00097640,134507433.05543733
2024-02-16,0.99861091,1.00051254,0.99774101,0.99972217,202582151.35890371
2024-02-15,0.99918035,1.00066476,0.99591566,0.99591566,112702218.20053832
2024-02-14,1.00049723,1.00906905,0.99631078,1.00005184,143143572.78863761
2024-02-13,0.99883334,1.00147766,0.99759229,0.99914906,149197534.61432609
2024-02-12,0.99987139,1.00209335,0.99751101,0.99751101,144962172.32854059
2024-02-11,1.00040748,1.00118601,0.99630708,0.99837022,181187236.81063747
2024-02-10,0.99932520,1.00124425,0.99876713,1.00028220,106543011.00980306
2024-02-09,0.99914114,1.00302851,0.99847146,1.00084466,104766607.13423766
2024-02-08,1.00124444,1.00222193,0.99853027,0.99894998,138373428.50419647
2024-02-07,1.00027948,1.00270452,0.99755316,1.00131452,144406931.93650043
2024-02-06,0.99977717,1.00142334,0.99783053,0.99923296,116631119.28194274
2024-02-05,0.99933887,1.00088722,0.99806211,0.99973214,73450945.55335855
2024-02-04,0.99969322,1.00011826,0.99833664,0.99852463,118684905.44224960
2024-02-03,0.99892211,0.99969267,0.99818209,0.99917001,113730537.77686724
2024-02-02,0.99929847,1.00060579,0.99698600,0.99921347,110881867.10474591
2024-02-01,0.99807554,1.00111688,0.99729319,1.00090043,138395328.44442278
2024-01-31,0.99946145,1.00230983,0.99606888,0.99818555,151060943.03776053
2024-01-30,1.00147921,1.00147921,0.99650681,0.99786705,158789334.20225072
2024-01-29,0.99830678,1.00116814,0.99670470,0.99932875,136646853.45132226
2024-01-28,0.99877792,1.00310795,0.99595807,0.99749605,139220959.09103113
2024-01-27,1.00076968,1.00157269,0.99791027,1.00073122,190302669.77774778
2024-01-26,0.99974625,1.00138195,0.99674736,0.99924130,209989874.55927110
2024-01-25,0.99784354,1.00100657,0.99766174,0.99938860,181444981.35965270
2024-01-24,1.00071768,1.00213196,0.99672155,0.99888739,158592849.70535272
2024-01-23,0.99685465,1.00308530,0.99685465,1.00026870,247753613.25459516
2024-01-22,0.99989340,1.00192720,0.99713238,1.00074643,137291943.26363328
2024-01-21,0.99973954,1.00093448,0.99814703,1.00093448,80482609.79390037
2024-01-20,0.99889975,1.00097311,0.99792658,0.99899217,226848715.38863805
2024-01-19,0.99849435,1.00041475,0.99639605,0.99890732,155200952.33409652
2024-01-18,1.00030939,1.00030939,0.99501976,0.99636006,136578680.89074993
2024-01-17,0.99839632,1.00076401,0.99663230,0.99841825,218293680.66634217
2024-01-16,1.00055199,1.00156190,0.99778914,0.99940640,210264959.67955104
2024-01-15,0.99489745,1.00103870,0.99489745,1.00103870,207181800.88916510
2024-01-14,0.99915667,1.00255805,0.99729335,1.00243702,160613122.74089736
2024-01-13,1.00069271,1.00133107,0.99745107,0.99986937,319062136.08083230
2024-01-12,0.99842565,1.00210548,0.99725747,0.99753863,255467723.82384911
2024-01-11,0.99965452,1.00194645,0.99668083,0.99894768,275915572.34529489
2024-01-10,1.00071696,1.00502867,0.99570663,1.00502867,268096000.06383744
2024-01-09,1.00070629,1.00383395,0.99841288,0.99898805,209427840.09144625
2024-01-08,0.99718764,1.00277081,0.99616506,0.99823909,203106446.59062824
2024-01-07,1.00013669,1.00013669,0.99585269,0.99813248,210879601.15821838
2024-01-06,1.00038551,1.00102505,0.99858356,0.99978795,288517041.29476196
2024-01-05,0.99974101,1.00149251,0.99701082,1.00149251,331175376.04097515
2024-01-04,1.00031363,1.00126027,0.99841647,1.00007309,359063999.71745908
2024-01-03,0.99918199,1.00670802,0.99375697,1.00004795,335082884.59215450
2024-01-02,0.99966614,1.00120316,0.99745706,0.99924651,299617797.79612607
2024-01-01,0.99926970,1.00062165,0.99806728,0.99857254,252050103.09523609
2023-12-31,0.99820666,1.00029424,0.99779092,0.99925402,209366689.64849615
2023-12-30,0.99935440,0.99986910,0.99788195,0.99870740,245804380.30774954
2023-12-29,0.99797452,1.00070205,0.99745306,0.99870208,311197337.04138589
2023-12-28,0.99883855,1.00084878,0.99663585,0.99959465,335402182.33360285
2023-12-27,0.99890997,1.00017925,0.99761643,0.99889675,257108881.28696167
2023-12-26,0.99904088,1.00046273,0.99527799,0.99919304,203225743.91169524
2023-12-25,0.99838386,1.00100196,0.99808336,0.99931414,167205532.05432996
2023-12-24,0.99882498,1.00002080,0.99868654,0.99868654,165062410.22350374
2023-12-23,0.99850745,1.00032793,0.99798945,0.99964310,218902758.99298754
2023-12-22,0.99935576,1.00006440,0.99700555,0.99879175,228764244.44447032
2023-12-21,0.99996328,1.00107084,0.99832497,0.99901234,244525713.84357783
2023-12-20,0.99962873,1.00061847,0.99836878,0.99836878,279635929.50278491
2023-12-19,0.99855855,1.00063934,0.99848408,0.99968276,241791284.14972755
2023-12-18,0.99871023,1.00031148,0.99758552,0.99851053,218829174.51815891
2023-12-17,1.00057281,1.00057281,0.99705778,0.99744132,248705158.31281191
2023-12-16,0.99771029,1.00354921,0.99711973,0.99899562,356638892.81152231
2023-12-15,0.99849794,0.99947258,0.99739931,0.99863616,307579566.74908942
2023-12-14,0.99797371,1.00073128,0.99770486,0.99790681,320172891.78752369
2023-12-13,0.99790462,1.00013686,0.99760665,0.99883704,301990251.17690665
2023-12-12,0.99987674,1.00031015,0.99697763,0.99832739,320420948.48714000
2023-12-11,1.00020516,1.00101715,0.99668276,0.99906623,288478062.35472715
2023-12-10,1.00004118,1.00131777,0.99751692,0.99955524,256390226.72544900
2023-12-09,0.99938352,1.00201102,0.99774655,1.00016808,267361072.44550055
2023-12-08,0.99880135,1.00055489,0.99779388,0.99904309,312661895.22061235
2023-12-07,0.99854892,1.00099352,0.99632995,1.00026544,277027894.23388988
2023-12-06,0.99930236,1.00221361,0.99730760,0.99902996,502018276.72462273
2023-12-05,0.99668545,0.99998792,0.99562362,0.99890091,482018539.90470415
2023-12-04,1.00026219,1.00026219,0.99633948,0.99836171,359238329.48112357
2023-12-03,0.99937120,0.99973899,0.99772555,0.99947160,324829037.24911040
2023-12-02,0.99879003,0.99933935,0.99837141,0.99864705,285674388.06284869
2023-12-01,1.00008275,1.00033123,0.99827129,0.99914321,440593206.27024788
2023-11-30,0.99730523,0.99992821,0.99683001,0.99928612,329171931.41703236
2023-11-29,0.99852392,1.00000012,0.99578225,0.99782122,274128063.00763565
2023-11-28,0.99663489,0.99872679,0.99663489,0.99856709,347767855.27286464
2023-11-27,0.99825950,0.99952631,0.99604964,0.99737007,260917504.15147120
2023-11-26,0.99920827,0.99942835,0.99355670,0.99909808,226389928.58709416
2023-11-25,1.00072283,1.00072283,0.99793750,0.99920966,247730509.99261823
2023-11-24,0.99958396,1.00061989,0.99858365,0.99972397,221612351.35350186
2023-11-23,0.99882010,1.00022784,0.99714249,0.99951754,263232578.61902598
2023-11-22,0.99913827,1.00031678,0.99751918,0.99870843,301958398.31990683
2023-11-21,1.00004367,1.00181773,0.99762352,0.99979544,270205317.27867603
2023-11-20,0.99912719,1.00100609,0.99790622,1.00036748,249760155.06624454
2023-11-19,0.99900600,1.00102723,0.99859201,0.99939423,276268248.56202430
2023-11-18,1.00191579,1.00191579,0.99845831,0.99883479,214273782.98765931
2023-11-17,1.00036524,1.00189251,0.99844613,1.00079276,245476516.25740272
2023-11-16,1.00085819,1.00097590,0.99787884,1.00043768,198978120.42691478
2023-11-15,0.99873952,1.00169983,0.99838903,1.00007006,187580616.48676276
2023-11-14,0.99968120,1.00101278,0.99404150,1.00101278,171959335.96314436
2023-11-13,0.99922471,1.00011457,0.99805778,0.99805778,155423650.50944790
2023-11-12,1.00118653,1.00118653,0.99888051,0.99892016,154590182.30034173
2023-11-11,0.99921865,1.00059193,0.99855317,1.00014202,198639642.93148807
2023-11-10,1.00040119,1.00093978,0.99826518,0.99898008,297002069.14891571
2023-11-09,0.99786254,1.00139629,0.99710616,0.99898309,228113358.06889930
2023-11-08,0.99984183,1.00084013,0.99849655,1.00084013,147971064.65938714
2023-11-07,0.99903871,1.00171077,0.99867713,0.99867713,138276471.24845383
2023-11-06,0.99988528,1.00089427,0.99833544,1.00021570,150196986.82430083
2023-11-05,0.99962345,1.00044304,0.99709165,0.99709165,114318943.44892144
2023-11-04,0.99936791,1.00019561,0.99843743,0.99903013,127311036.97629854
2023-11-03,0.99994745,1.00135366,0.99757887,0.99972087,164776816.48986900
2023-11-02,0.99949211,1.00097025,0.99858700,0.99982177,204924881.26436487
2023-11-01,0.99917721,1.00242304,0.99833182,1.00242304,137796140.35991430
2023-10-31,1.00030013,1.00030013,0.99856928,0.99905133,150472110.36719346
2023-10-30,0.99968263,1.00106838,0.99720170,1.00007539,110392811.09887512
2023-10-29,0.99910755,1.00046218,0.99870345,0.99950688,74446797.61982818
2023-10-28,0.99938984,1.00097966,0.99858183,0.99961767,128130865.31886266
2023-10-27,0.99916230,1.00050610,0.99788987,0.99936470,168749467.34339046
2023-10-26,0.99964005,1.00110153,0.99783473,0.99951722,180470105.31523025
2023-10-25,0.99976565,1.00085948,0.99786214,0.99786214,201374849.89528358
2023-10-24,1.00071693,1.00284694,0.99539974,1.00284694,327211044.41667163
2023-10-23,1.00008426,1.00211997,0.99780617,0.99890990,201482357.23951301
2023-10-22,1.00023647,1.00193202,0.99889545,0.99968648,120949705.93752700
2023-10-21,0.99882911,1.00127540,0.99847330,0.99972783,108452156.48003331
2023-10-20,0.99990292,1.00079483,0.99776477,0.99909607,101677233.55644280
2023-10-19,0.99881022,1.00103521,0.99876523,0.99929775,95002794.68095642
2023-10-18,0.99900308,1.00010704,0.99820819,0.99928252,105778731.45545800
2023-10-17,0.99959164,1.00126359,0.99828780,0.99875691,154847419.03091359
2023-10-16,0.99961887,1.00087139,0.99817845,0.99822069,115998212.40261547
2023-10-15,0.99966783,1.00025491,0.99919813,0.99929644,46767814.44863152
2023-10-14,0.99971987,1.00053085,0.99942116,0.99974979,85047760.98213606
2023-10-13,0.99934608,1.00047224,0.99852204,1.00047224,100105860.66298604
2023-10-12,0.99977130,1.00022403,0.99854976,0.99941126,121851155.99884483
2023-10-11,0.99858922,1.00060864,0.99673567,0.99896176,114390672.93234850
2023-10-10,1.00048129,1.00085743,0.99886149,0.99914353,96246489.17963777
2023-10-09,0.99990586,1.00067966,0.99494177,0.99987419,88000609.99507928
2023-10-08,0.99972947,1.00115669,0.99872174,0.99999537,67373331.90979367
2023-10-07,0.99945105,1.00084094,0.99890472,0.99991131,66507200.15634925
2023-10-06,0.99959688,1.00169822,0.99740300,0.99973270,77648614.25186720
2023-10-05,0.99923712,1.00167907,0.99799123,0.99929772,105814680.10391906
2023-10-04,0.99882881,1.00048540,0.99822241,0.99822241,92035779.47831428
2023-10-03,0.99863150,1.00066298,0.99740320,0.99863235,114895040.24951960
2023-10-02,1.00139581,1.00146483,0.99349351,0.99349351,117347669.84678942
2023-10-01,0.99968237,1.00043236,0.99934851,0.99963171,77929113.67562582
2023-09-30,0.99983899,1.00027470,0.99879840,1.00027470,67591781.75851689
2023-09-29,0.99932130,1.00160098,0.99890431,0.99992336,110245786.88795550
2023-09-28,1.00059565,1.00109414,0.99902434,0.99976331,85446029.63615677
2023-09-27,0.99936658,1.00407170,0.99876713,1.00042461,88646392.53820187
2023-09-26,0.99985330,1.00013963,0.99898132,0.99949885,109289975.57961345
2023-09-25,0.99936456,1.00177128,0.99841115,0.99943018,71671423.70865406
2023-09-24,1.00045304,1.00071562,0.99908688,1.00010409,60144936.36753761
2023-09-23,1.00017858,1.00115468,0.99896152,0.99926675,110784777.12626320
2023-09-22,0.99904953,1.00136960,0.99819122,1.00041163,75379321.57869995
2023-09-21,0.99952683,1.00060885,0.99741050,0.99955854,81804358.28600103
2023-09-20,0.99937398,1.00160549,0.99849022,0.99895499,95067882.00709964
2023-09-19,0.99944958,1.00014677,0.99802220,0.99889856,79577261.64448334
2023-09-18,0.99996589,1.00095366,0.99843746,0.99930059,64386154.04350306
2023-09-17,0.99976366,1.00010714,0.99906098,0.99953075,44332754.86213374
2023-09-16,0.99965065,1.00053577,0.99900220,0.99998601,63665223.16726667
2023-09-15,0.99838318,1.00014809,0.99838318,0.99996173,80284528.49500363
2023-09-14,0.99839099,1.00020266,0.99708900,0.99864078,101152690.13849199
2023-09-13,0.99880798,1.00166655,0.99717843,0.99926792,81532922.25316808
2023-09-12,1.00026680,1.00178570,0.99812281,0.99856654,113296380.22938681
2023-09-11,0.99998786,1.00042877,0.99806312,0.99929576,68159405.71989088
2023-09-10,0.99908631,1.00133236,0.99882558,0.99882558,43090459.02259273
2023-09-09,1.00043611,1.00043611,0.99874862,0.99904196,57845750.13076257
2023-09-08,0.99928246,1.00046856,0.99876067,0.99941014,68602725.06377143
2023-09-07,0.99979325,1.00101475,0.99906653,0.99906653,83127466.28521730
2023-09-06,1.00010789,1.00019593,0.99909522,1.00004170,61191604.69775306
2023-09-05,1.00011476,1.00108813,0.99811587,1.00047950,65667482.15390147
2023-09-04,1.00016410,1.00057235,0.99869515,0.99984014,47647135.77231246
2023-09-03,1.00003050,1.00085306,0.99905097,0.99934704,47766049.97226689
2023-09-02,1.00055251,1.00082597,0.99910038,0.99994962,101924937.29071796
2023-09-01,0.99924305,1.00107860,0.99840465,0.99935613,101246348.28723001
2023-08-31,1.00010548,1.00014197,0.99804611,0.99968206,81764383.95622690
2023-08-30,1.00101065,1.00101065,0.99905275,0.99952627,126957837.49640447
2023-08-29,1.00016227,1.00128524,0.99841446,0.99955300,80712442.16364385
2023-08-28,0.99970069,1.00045100,0.99866056,0.99999101,52740437.98159874
2023-08-27,0.99993624,1.00020597,0.99883086,0.99934077,48013939.42369387
2023-08-26,0.99998964,1.00030285,0.99968387,0.99973240,55136563.59635390
2023-08-25,0.99893141,1.00103977,0.99893141,1.00058149,69243751.70431383
2023-08-24,0.99975653,1.00046794,0.99863513,1.00035614,100847504.49443309
2023-08-23,1.00003051,1.00287467,0.99681219,0.99909938,130903158.91588804
2023-08-22,0.99980636,1.00119860,0.99777413,1.00052061,108814445.23639245
2023-08-21,1.00056253,1.00099544,0.99889963,1.00019284,81557341.19193181
2023-08-20,1.00012105,1.00039071,0.99884022,1.00005884,56532601.46582287
2023-08-19,1.00019847,1.00052213,0.99862986,0.99944273,92216822.54169369
2023-08-18,1.00106207,1.00163165,0.99888129,0.99978083,246482590.10974157
2023-08-17,1.00065233,1.00128412,0.99678504,0.99678504,85751497.10249600
2023-08-16,0.99973101,1.00052280,0.99838471,1.00009922,70722123.96012528
2023-08-15,0.99984897,1.00029237,0.99933717,0.99977381,85519395.16857108
2023-08-14,1.00015046,1.00146250,0.99880157,1.00020747,74804673.70653795
2023-08-13,0.99972968,1.00041211,0.99881256,1.00041211,54289115.43714631
2023-08-12,0.99972450,1.00028581,0.99926391,0.99946774,75916487.15628847
2023-08-11,0.99973843,1.00042345,0.99916395,1.00022374,87515822.60980943
2023-08-10,1.00012860,1.00108424,0.99910819,1.00002453,113701004.29174952
2023-08-09,1.00006914,1.00104950,0.99820211,0.99981447,174751801.79472178
2023-08-08,0.99963480,1.00096209,0.99864300,0.99928443,182095535.46488240
2023-08-07,0.99987000,1.00097036,0.99817631,0.99981129,174105710.94270062
2023-08-06,1.00033010,1.00114772,0.99810083,0.99810083,93084332.51401442
2023-08-05,1.00054026,1.00062611,0.99869860,1.00042007,203198177.67968217
2023-08-04,1.00011912,1.00227927,0.99957815,1.00036042,165090390.40535420
2023-08-03,0.99910435,1.00058523,0.99831794,0.99875942,112966174.56386119
2023-08-02,1.00111283,1.00111283,0.99404798,0.99981616,172443297.28319126
2023-08-01,1.00069533,1.00138557,0.99840589,0.99969212,147208465.64655939
2023-07-31,0.99968381,1.00188293,0.99935289,1.00006745,119959141.04929656
2023-07-30,0.99960963,1.00106468,0.99578180,1.00065276,52607752.63430250
2023-07-29,0.99955831,1.00071135,0.99928187,0.99964514,60890273.57491960
2023-07-28,0.99982347,1.00117852,0.99896104,0.99982391,65743059.63880425
2023-07-27,1.00063749,1.00119949,0.99857539,0.99974472,96009666.29268689
2023-07-26,0.99950798,1.00147764,0.99887805,0.99891041,84947691.63391608
2023-07-25,1.00022665,1.00061154,0.99875316,0.99931274,77830070.30496363
2023-07-24,0.99984091,1.00119365,0.99816952,0.99971832,63456356.49440736
2023-07-23,0.99989512,1.00175988,0.99961630,0.99975868,57605326.92256451
2023-07-22,1.00024116,1.00064953,0.99900416,1.00019456,57905093.53481606
2023-07-21,0.99939752,1.00178262,0.99931960,1.00009212,111392910.02537148
2023-07-20,1.00063092,1.00137549,0.99864663,1.00068542,111013715.14809917
2023-07-19,1.00037031,1.00100613,0.99944145,1.00006717,71251180.18949096
2023-07-18,1.00036672,1.00092826,0.99856768,0.99940491,103850970.61529449
2023-07-17,1.00031831,1.00160289,0.99929873,1.00160289,81156813.71177605
2023-07-16,1.00048435,1.00102322,0.99906361,1.00037250,49058119.13187008
2023-07-15,0.99986116,1.00064674,0.99896663,1.00038753,97317872.75201564
2023-07-14,1.00045374,1.00108495,0.99907480,0.99935771,181255661.50336352
2023-07-13,1.00039654,1.00139730,0.99831697,1.00042506,86831743.78789128
2023-07-12,0.99974235,1.00219815,0.99789929,1.00025993,85301757.05495299
2023-07-11,0.99953459,1.00127420,0.99903198,1.00022960,92550831.59047124
2023-07-10,1.00081653,1.00470968,0.99747346,0.99747346,72345947.76909880
2023-07-09,1.00017487,1.00094355,0.99880947,0.99906891,72445649.76754591
2023-07-08,0.99972508,1.00120659,0.99937966,0.99987534,63940955.79574669
2023-07-07,0.99957269,1.00269595,0.99826774,0.99963798,107986832.61634398
2023-07-06,1.00054908,1.00448720,0.99852956,0.99947002,90426034.75775495
2023-07-05,0.99943910,1.00139551,0.99884588,1.00008833,97449300.49704006
2023-07-04,0.99935891,1.00055873,0.99862629,0.99995663,170816879.80761081
2023-07-03,1.00002122,1.00095583,0.99878091,1.00095583,116574770.68521155
2023-07-02,0.99975637,1.00008051,0.99865843,0.99981001,86900307.84015654
2023-07-01,0.99914572,1.00090579,0.99914572,1.00030561,139154537.43720981
2023-06-30,0.99979355,1.00286473,0.99483440,0.99955617,144276635.74539116
2023-06-29,0.99945270,1.00086444,0.99888929,1.00039083,137673468.11130047
2023-06-28,1.00071548,1.00162437,0.99757684,0.99980041,140321668.58575398
2023-06-27,1.00022139,1.00158822,0.99935260,1.00131004,154211993.06828576
2023-06-26,0.99946226,1.00229018,0.99794702,1.00071283,121862922.46368337
2023-06-25,1.00005440,1.00261344,0.99810861,0.99992848,92069288.95100673
2023-06-24,1.00055045,1.00284705,0.99906346,1.00027530,141843146.73008958
2023-06-23,1.00059270,1.00183703,0.99944898,1.00037390,146188855.75989705
2023-06-22,0.99972975,1.00079420,0.99754968,0.99980044,208884469.13208586
2023-06-21,1.00037725,1.00236650,0.99903956,1.00058013,255945644.20717871
2023-06-20,0.99997623,1.00407433,0.99882360,0.99882360,122424127.64913234
2023-06-19,0.99954856,1.00181441,0.99904145,1.00007832,91134445.54755385
2023-06-18,0.99903065,1.00102788,0.99881702,0.99937144,72040219.04266524
2023-06-17,1.00009587,1.00143522,0.99916081,1.00004986,220184234.30919641
2023-06-16,0.99992530,1.00482016,0.99756802,0.99959572,301029801.02347982
2023-06-15,0.99806319,1.00155208,0.99806319,1.00069291,441005473.74449718
2023-06-14,1.00014538,1.00279214,0.99597281,0.99962334,139495835.37705371
2023-06-13,1.00007871,1.00067233,0.99876007,1.00067233,126560175.96751270
2023-06-12,1.00028872,1.00069877,0.99613240,0.99958120,97149421.99348453
2023-06-11,0.99994907,1.00155886,0.99928984,0.99934390,129501278.57077400
2023-06-10,0.99993348,1.00202075,0.99887807,0.99887807,177184040.32707646
2023-06-09,1.00025892,1.00099511,0.99500455,1.00030419,194369331.39659268
2023-06-08,1.00057489,1.00133324,0.99900931,1.00000721,114290798.52975503
2023-06-07,0.99955743,1.00137597,0.99709242,0.99861497,149754795.41695005
2023-06-06,1.00028238,1.00589074,0.99803464,1.00241241,156563513.24655452
2023-06-05,1.00076106,1.00076442,0.99857607,0.99916016,91201449.70471199
2023-06-04,0.99963294,1.00067173,0.99870323,0.99870323,42032800.28694987
2023-06-03,0.99994099,1.00065415,0.99875163,0.99971527,81532493.89523067
2023-06-02,1.00060519,1.00205511,0.99846376,0.99927312,122813610.50694117
2023-06-01,1.00071199,1.00292094,0.99890725,0.99980358,95357938.46863270
2023-05-31,1.00014276,1.00083862,0.99890666,0.99919463,88700881.50467390
2023-05-30,0.99925869,1.00139352,0.99875046,0.99875046,73701759.84094271
2023-05-29,1.00020434,1.00124178,0.99804325,0.99919403,95855755.14638571
2023-05-28,0.99979021,1.00068947,0.99840843,0.99956374,69356988.50495720
2023-05-27,1.00000223,1.00074649,0.99920843,0.99982034,80302206.36221674
2023-05-26,0.99981672,1.00107180,0.99759415,1.00023039,98487255.15890530
2023-05-25,1.00010333,1.00055121,0.99882882,0.99984047,114363139.15372844
2023-05-24,0.99962197,1.00069400,0.99742826,0.99819939,104830306.83614811
2023-05-23,0.99978009,1.00180763,0.99824457,0.99961353,105422283.36554857
2023-05-22,0.99959434,1.00122907,0.99853668,0.99901495,91881618.48347999
2023-05-21,0.99968301,1.00332886,0.99835299,1.00017420,62858899.13111470
2023-05-20,0.99974028,1.00132341,0.99872100,1.00056561,52004911.49811331
2023-05-19,0.99973004,1.00110297,0.99946900,1.00110297,80046419.11824253
2023-05-18,0.99985604,1.00288047,0.99850877,0.99975184,107221631.66966838
2023-05-17,1.00051563,1.00132480,0.99846918,0.99946621,92996896.26243803
2023-05-16,1.00038382,1.00152021,0.99828313,1.00020703,85044564.47790311
2023-05-15,0.99962266,1.00068098,0.99879175,1.00046132,77001339.77843463
2023-05-14,0.99866212,1.00124835,0.99844795,0.99959087,53109437.50238310
2023-05-13,1.00016705,1.00092515,0.99906242,0.99928408,134653342.94564328
2023-05-12,0.99933079,1.00482267,0.99882239,1.00049479,163224193.15582973
2023-05-11,0.99931220,1.00279364,0.99864967,0.99969462,200824305.86718622
2023-05-10,0.99974020,1.00135986,0.99839097,0.99959240,133012923.86295718
2023-05-09,1.00007762,1.00150369,0.99886212,1.00031635,136111416.84932524
2023-05-08,1.00017810,1.00397924,0.99877111,0.99980930,110702631.39707470
2023-05-07,0.99930312,1.00076101,0.99826974,0.99833397,146377555.60315731
2023-05-06,0.99979065,1.00044181,0.99825189,1.00036357,167626100.96999618
2023-05-05,0.99978124,1.00142480,0.99878602,0.99953185,109186706.00218104
2023-05-04,0.99967413,1.00054122,0.99940854,0.99941346,157513017.22862729
2023-05-03,1.00036248,1.00141007,0.99842696,1.00000926,113361267.86842100
2023-05-02,1.00019704,1.00106939,0.99771772,0.99999724,115449243.79204808
2023-05-01,0.99967324,1.00330831,0.99864546,0.99966545,98861460.66730660
2023-04-30,0.99995853,1.00127233,0.99949449,1.00017655,62259891.14698324
2023-04-29,0.99990175,1.00118088,0.99811296,1.00058543,121746228.92742328
2023-04-28,1.00009345,1.00148427,0.99851520,0.99983777,160463252.14927974
2023-04-27,0.99986870,1.00187175,0.99839938,1.00038092,286989909.59070927
2023-04-26,1.00083647,1.00153991,0.99682449,0.99974698,161397011.54093254
2023-04-25,0.99940463,1.00311415,0.99840753,1.00027068,134007632.75586052
2023-04-24,1.00021729,1.00255711,0.99875182,1.00001446,97677846.15587927
2023-04-23,0.99941813,1.00197485,0.99899123,1.00041580,81945727.12953067
2023-04-22,1.00029839,1.00150768,0.99888510,1.00150768,179909757.35516316
2023-04-21,0.99999399,1.00121397,0.99849451,1.00029648,161438403.96522748
2023-04-20,1.00027531,1.00130299,0.99847966,0.99985659,144913751.78345048
2023-04-19,0.99947203,1.00076831,0.99848172,1.00011605,141703357.16903311
2023-04-18,0.99965900,1.00073074,0.99805119,0.99967368,122310195.32948014
2023-04-17,1.00018001,1.00639251,0.99927661,0.99974784,106544357.75721724
2023-04-16,1.00044263,1.00099972,0.99936897,1.00099972,61337288.50849424
2023-04-15,1.00026767,1.00121450,0.99936209,1.00058732,86164802.17820045
2023-04-14,1.00105892,1.00201139,0.99906211,1.00014860,171210593.69399384
2023-04-13,0.99908460,1.00086236,0.99877727,0.99988862,161414489.74646166
2023-04-12,1.00008477,1.00139216,0.99851664,1.00001249,183632694.80658948
2023-04-11,0.99977948,1.00097143,0.99701603,1.00007258,162616537.11942455
2023-04-10,1.00018064,1.00338214,0.99854274,0.99998910,89309205.37787165
2023-04-09,1.00006309,1.00183275,0.99957069,1.00047069,91984880.49947590
2023-04-08,1.00054700,1.00130150,1.00002004,1.00018575,110618587.13679583
2023-04-07,1.00064444,1.00139099,0.99920359,1.00068816,116097448.27022022
2023-04-06,0.99955344,1.00113032,0.99927470,1.00044105,109368734.43025222
2023-04-05,1.00102405,1.00102405,0.99936624,1.00038301,139641127.24948996
2023-04-04,0.99854000,1.00074398,0.99854000,1.00026755,158669251.13495666
2023-04-03,1.00084645,1.00323996,0.99839399,1.00323996,102922613.71041712
2023-04-02,0.99982221,1.00157888,0.99844664,1.00010569,90484724.05803184
2023-04-01,0.99963481,1.00221411,0.99963481,1.00063649,116099802.57758543
2023-03-31,1.00054799,1.00144994,0.99966384,1.00112026,131654663.27688813
2023-03-30,1.00027520,1.00165659,0.99909660,1.00019191,152043641.69687659
2023-03-29,0.99985748,1.00093409,0.99913710,0.99995463,157234657.62540996
2023-03-28,1.00121565,1.00290424,0.99326875,1.00023883,167542019.42231256
2023-03-27,0.99928286,1.00161410,0.99324803,1.00161410,116195867.65970229
2023-03-26,1.00402573,1.00402573,0.99932730,1.00094419,99170558.65294099
2023-03-25,1.00248593,1.00440295,0.99840889,1.00440295,154928308.66448650
2023-03-24,1.00043343,1.00346338,0.99812903,1.00346338,213306510.37709957
2023-03-23,1.00322028,1.00484221,0.99962703,1.00196486,272943992.50208521
2023-03-22,1.00168914,1.00636293,0.99881741,1.00076128,256229408.03896013
2023-03-21,1.00306194,1.00531872,1.00015848,1.00145126,220290206.72867274
2023-03-20,0.99996552,1.00320202,0.99880207,1.00068893,198841207.62441602
2023-03-19,1.00149181,1.00266164,0.99825766,1.00127276,168094477.90458369
2023-03-18,1.00088264,1.00527923,0.99940315,1.00095374,310914181.92468625
2023-03-17,1.00163310,1.00376977,1.00027797,1.00376977,383881608.59584236
2023-03-16,1.00077614,1.00377319,1.00030456,1.00239405,425896540.18016738
2023-03-15,0.99939177,1.00338345,0.99725802,1.00078682,514917653.39060932
2023-03-14,0.99978568,1.00346607,0.99752935,1.00120727,788781506.33916366
2023-03-13,0.99456379,1.00182016,0.98442479,0.99884253,1149696289.02020478
2023-03-12,0.96574287,0.97431064,0.94443516,0.97066013,1759604652.33034873
2023-03-11,0.99543052,0.99543052,0.88643256,0.96505096,1776920234.25197911
2023-03-10,0.99933081,1.00292808,0.99512649,0.99695971,334398754.16920263
2023-03-09,1.00030409,1.00196497,0.99373970,0.99781133,161015708.62017277
2023-03-08,0.99984535,1.00150068,0.99891033,0.99936663,133284213.80118960
2023-03-07,1.00002105,1.00277544,0.99875742,1.00003823,130858697.59212229
2023-03-06,1.00039463,1.00143093,0.99908633,1.00008435,125965061.63094333
2023-03-05,1.00148600,1.00195649,0.99745715,1.00195649,79893499.93654844
2023-03-04,1.00034595,1.00205124,0.99950757,1.00070439,118479869.15990067
2023-03-03,1.00009378,1.00253172,0.99398282,1.00253172,197968034.24442297
2023-03-02,0.99932011,1.00047980,0.99857639,1.00026510,197438135.01046926
2023-03-01,0.99979196,1.00216703,0.99810176,1.00046139,171284781.48079434
2023-02-28,1.00019016,1.00041094,0.99882597,0.99985292,168229029.78557920
2023-02-27,1.00005719,1.00489491,0.99849769,1.00066685,120889333.83336508
2023-02-26,0.99972694,1.00040251,0.99547847,0.99782601,110391958.85552303
2023-02-25,0.99989820,1.00246808,0.99980705,1.00080820,159108595.44172695
2023-02-24,0.99983157,1.00150165,0.99820214,1.00132064,169060962.79275176
2023-02-23,0.99860225,1.00096428,0.99714052,0.99850839,221746734.74845767
2023-02-22,1.00003603,1.00223026,0.99803511,0.99910777,201807737.43004861
2023-02-21,0.99959142,1.00123468,0.99587748,0.99853849,181735614.71284172
2023-02-20,0.99913412,1.00203205,0.99830177,0.99911846,171297438.72006607
2023-02-19,1.00030638,1.00179179,0.99531645,0.99981467,104170300.17246114
2023-02-18,1.00049721,1.00104787,0.99935088,1.00041641,191255728.63454756
2023-02-17,0.99711029,1.00606435,0.99711029,1.00019442,256369500.65651441
2023-02-16,0.99971900,1.00079751,0.99670205,0.99941906,251249663.72987899
2023-02-15,0.99982059,1.00049285,0.99745506,1.00020505,218586884.03099436
2023-02-14,0.99985169,1.00742774,0.99897222,1.00075071,308761374.69129032
2023-02-13,1.00028419,1.00336758,0.99735496,0.99946673,244834911.30829996
2023-02-12,1.00101079,1.00472571,0.99964699,0.99987728,84216152.96506025
2023-02-11,0.99981216,1.00239205,0.99981216,1.00239205,134509152.05720881
2023-02-10,0.99987390,1.00440447,0.99864571,0.99880318,222336766.53318939
2023-02-09,0.99987226,1.00227538,0.99820697,1.00062147,212229528.53210300
2023-02-08,0.99965144,1.00346674,0.99844943,0.99976027,167661948.42131916
2023-02-07,1.00035721,1.00257982,0.99628599,1.00032771,151530799.38276649
2023-02-06,0.99982184,1.00260661,0.99953931,0.99977666,129396641.45392561
2023-02-05,1.00098321,1.00226114,0.99775301,0.99978569,110725775.08408435
2023-02-04,0.99921887,1.00313009,0.99921887,1.00313009,177731185.03953660
2023-02-03,1.00019565,1.00159288,0.99698111,1.00058736,201491986.02201444
2023-02-02,1.00066140,1.00221751,0.99096697,0.99096697,216514799.63763607
2023-02-01,1.00008082,1.00103797,0.99526808,1.00033631,151886020.93076950
2023-01-31,1.00050817,1.00190746,0.99789351,0.99789351,182161276.59801257
2023-01-30,1.00017760,1.00689811,0.99890256,1.00689811,182934171.31849006
2023-01-29,0.99930243,1.00204325,0.99930243,1.00041872,115364449.23779283
2023-01-28,1.00075100,1.00103032,0.99936659,0.99992169,162513042.39482349
2023-01-27,0.99848417,1.00381149,0.99848417,0.99985432,193709815.74976888
2023-01-26,0.99861949,1.00405939,0.99861949,1.00055717,228280800.34720966
2023-01-25,1.00430143,1.00430143,0.99700563,0.99743761,202824983.20830482
2023-01-24,1.00124630,1.00547471,0.99766430,0.99970106,202820306.64402911
2023-01-23,1.00048321,1.00349160,0.99643053,1.00144996,190303192.70267826
2023-01-22,0.99960441,1.00256897,0.99877173,0.99877173,205163054.60528880
2023-01-21,1.00013621,1.00299648,0.99770904,1.00159216,215991251.82234693
2023-01-20,1.00252862,1.02389888,0.99786608,1.00167814,146037176.76860982
2023-01-19,1.00050376,1.00284182,0.99952987,1.00109212,259015801.43077910
2023-01-18,0.99975256,1.03113662,0.99815670,1.03113662,229953571.97402528
2023-01-17,1.00039581,1.00102636,0.99843167,1.00007755,201726706.65768489
2023-01-16,1.00612312,1.00654391,0.99892379,0.99991387,171543921.03424850
2023-01-15,1.00021633,1.00402982,0.99901463,1.00402982,190876016.65605128
2023-01-14,1.00075056,1.00241538,0.99652448,1.00035523,306541125.30635476
2023-01-13,0.99894144,1.00204788,0.99894144,0.99916497,222104772.07025281
2023-01-12,1.00140592,1.00387584,0.99236459,1.00077566,208808202.32555363
2023-01-11,1.00036171,1.00105156,0.99950559,1.00059274,127544358.88959509
2023-01-10,1.00149728,1.00457457,0.99845997,1.00018439,166628620.03664035
2023-01-09,1.00152446,1.00289671,0.99865730,0.99947772,186566040.49362767
2023-01-08,1.00129677,1.00250924,0.99781023,1.00000063,99164558.80879746
2023-01-07,1.00088467,1.00143286,1.00004047,1.00056266,121420284.00523517
2023-01-06,1.00001490,1.00147738,0.99885276,1.00147738,167825771.77909002
2023-01-05,1.00012915,1.00092905,0.99927099,1.00064160,181878555.02411956
2023-01-04,1.00017940,1.00323040,0.99927814,1.00137054,133819637.48148203
2023-01-03,1.00007298,1.00104631,0.99927387,1.00013773,104412058.70963238
2023-01-02,1.00060651,1.00213310,0.99914487,0.99990417,101406128.28919378
2023-01-01,1.00081933,1.00110378,0.99979471,1.00037420,85776208.14860955
2022-12-31,0.99968716,1.00099265,0.99914769,1.00049211,110126837.79424569
2022-12-30,1.00058133,1.00335933,0.99712849,1.00032891,163936500.26022997
2022-12-29,1.00044127,1.00176197,0.99942837,1.00002802,251340932.16812235
2022-12-28,1.00094917,1.00157856,0.99868359,0.99990509,224128513.72958791
2022-12-27,1.00085691,1.00290071,0.99899943,1.00218472,135198527.05589989
2022-12-26,1.00046624,1.00109772,0.99917783,0.99988203,99958121.26955676
2022-12-25,1.00015481,1.00096990,0.99935880,1.00080533,73530839.64669092
2022-12-24,1.00118733,1.00129158,0.99919284,1.00006230,101920802.73964520
2022-12-23,1.00060996,1.00151605,0.99844858,1.00058161,167274186.91380212
2022-12-22,1.00081138,1.00096548,0.99858714,0.99965519,151718969.76730740
2022-12-21,1.00032362,1.00113351,0.99892702,1.00005851,149316147.68757337
2022-12-20,1.00068653,1.00418607,0.99970887,1.00012519,188840254.53053254
2022-12-19,1.00028405,1.00125618,0.99837017,0.99879861,113160093.02057825
2022-12-18,0.99967548,1.02673891,0.99862897,1.00013603,106346511.79022507
2022-12-17,1.00128479,1.00172557,0.99891343,0.99981819,232755688.91537544
2022-12-16,0.99929322,1.00177437,0.99875042,1.00057883,182893005.11696142
2022-12-15,0.99992265,1.00107001,0.99701102,1.00019904,194569696.54379445
2022-12-14,0.99993842,1.00110790,0.99774108,0.99958848,297128890.18722302
2022-12-13,0.99885258,1.00239118,0.98702906,1.00036579,251308573.72794315
2022-12-12,1.00102268,1.00509611,0.99859374,1.00006471,189656392.96997929
2022-12-11,1.00052181,1.00134718,0.99865061,0.99935466,125999108.60664509
2022-12-10,1.00054823,1.00083359,0.99934586,1.00077783,105408601.86948839
2022-12-09,0.99910114,1.02181726,0.99904033,1.00017268,171212640.98986918
2022-12-08,1.00023792,1.00591622,0.99920727,0.99990359,191537966.51657498
2022-12-07,0.99921878,1.00184855,0.99917701,0.99941792,214065389.63954544
2022-12-06,1.00017874,1.01096259,0.99866789,1.00125623,193555439.53065556
2022-12-05,1.00055928,1.00509704,0.99884330,1.00071460,203409110.06613752
2022-12-04,1.00114045,1.00379964,0.99952557,1.00147225,197848811.25214389
2022-12-03,1.00127769,1.00414046,0.99998698,1.00414046,207406566.30855897
2022-12-02,1.00074713,1.00406400,0.99934801,1.00043294,259852550.70730844
2022-12-01,0.99896653,1.00507126,0.99896653,1.00368099,333599695.61043119
2022-11-30,1.00021073,1.00424551,0.99944049,1.00307724,315792467.88302749
2022-11-29,1.00040444,1.00245202,0.99962628,1.00083649,245810841.80729523
2022-11-28,1.00136553,1.00249648,0.99531632,0.99978307,170294304.26569501
2022-11-27,0.99878469,1.00215877,0.99878469,1.00165043,132713926.65781669
2022-11-26,1.00157279,1.00515807,1.00005602,1.00010449,157160601.45651910
2022-11-25,1.00076370,1.00366599,0.99776734,1.00122855,269332042.84189147
2022-11-24,1.00000392,1.00388260,0.99614677,1.00075397,357571698.40423495
2022-11-23,1.00224864,1.00277699,0.99998801,1.00032216,312345949.48957080
2022-11-22,1.00168323,1.00796164,0.99761735,1.00064988,358917051.57712448
2022-11-21,1.00214748,1.00739572,1.00019132,1.00739572,326418263.08625716
2022-11-20,1.00141458,1.00298777,1.00085603,1.00085603,196127248.28268087
2022-11-19,1.00196450,1.00294323,1.00102067,1.00294323,196003027.16937196
2022-11-18,1.00134767,1.00167716,0.99833611,1.00043476,262175615.75210443
2022-11-17,1.00302002,1.00303750,0.99747173,1.00053618,368189996.83738112
2022-11-16,1.00150277,1.00341845,0.99952296,1.00114087,425381017.41370004
2022-11-15,1.00258709,1.00453079,0.99988291,1.00183465,421597596.37195081
2022-11-14,1.00227817,1.01507618,1.00087097,1.00268801,504626778.56282419
2022-11-13,1.00106622,1.00287075,0.99848955,0.99848955,356056440.22799474
2022-11-12,1.00210289,1.00354399,0.99986878,1.00246302,628390270.14399767
2022-11-11,1.00245558,1.00550290,0.99955977,1.00349819,1231233557.34856725
2022-11-10,0.99446144,1.01731855,0.99446144,1.00339080,1634296041.49526191
2022-11-09,0.99858360,1.02151819,0.99634360,1.00953342,1112920366.00298214
2022-11-08,1.00106346,1.00460972,0.99834976,0.99948950,421563952.49036932
2022-11-07,0.99971219,1.00341202,0.99855695,0.99855695,347933750.39960110
2022-11-06,0.99966235,1.01504133,0.99719252,0.99932686,168448103.42418277
2022-11-05,0.99979699,1.00062031,0.99329983,0.99904665,337775140.59233898
2022-11-04,1.00048302,1.00427050,0.99700016,0.99856822,292086195.19117349
2022-11-03,1.00063778,1.00111394,0.99858022,0.99982131,325162148.24954748
2022-11-02,0.99920689,1.00655634,0.99802983,0.99977969,224761834.14544487
2022-11-01,1.00016274,1.00259160,0.99800178,1.00081563,313600648.80023819
2022-10-31,0.99957602,1.00120565,0.99642432,0.99960261,313530605.35390747
2022-10-30,0.99923479,1.00202476,0.99715195,0.99925171,266350380.13853949
2022-10-29,0.99853968,1.00125433,0.99743921,0.99894770,379150037.22292584
2022-10-28,0.99966107,1.00158555,0.99777169,1.00000706,350803415.91638428
2022-10-27,0.99972670,1.00182394,0.99699246,0.99948558,384247883.97117591
2022-10-26,0.99957342,1.00416181,0.99729061,0.99900959,447211696.49395394
2022-10-25,0.99926611,1.00108518,0.99533587,1.00027660,267786365.75549436
2022-10-24,1.00186555,1.00186555,0.99882693,0.99998033,248967760.35162640
2022-10-23,1.00005426,1.00074809,0.99672731,0.99954273,170850078.69078767
2022-10-22,0.99937408,1.00098935,0.99816159,1.00000311,252789260.60486352
2022-10-21,0.99954147,1.00191812,0.99866330,1.00030446,237506774.99536774
2022-10-20,1.00084098,1.00131899,0.99874796,1.00054606,212785269.33551916
2022-10-19,0.99810172,1.00174325,0.99810172,1.00042609,229544940.31563470
2022-10-18,1.00008966,1.00630371,0.99840713,0.99996887,278491629.51851195
2022-10-17,1.00048772,1.00102734,0.99818271,1.00044918,258551063.55669007
2022-10-16,0.99965685,1.00155212,0.99896015,1.00155212,152456045.13517439
2022-10-15,1.00026628,1.00247849,0.99915499,0.99946339,259522798.21857285
2022-10-14,1.00031530,1.00188265,0.99834258,0.99874939,609949132.13374293
2022-10-13,0.99978042,1.00295466,0.99707374,1.00027077,393858032.40269792
2022-10-12,1.00019267,1.00117493,0.99907780,0.99951355,309947272.50734997
2022-10-11,1.00055969,1.00593301,0.99790141,1.00025240,300267270.94531733
2022-10-10,1.00007001,1.00166807,0.99623101,0.99896922,200168871.76993847
2022-10-09,1.00018650,1.00142728,0.99676162,0.99881995,145905602.10067222
2022-10-08,0.99937952,1.00103775,0.99915875,0.99935678,288031488.36143309
2022-10-07,1.00068749,1.00717475,0.99864919,0.99998947,396260944.34983212
2022-10-06,0.99914181,1.00464870,0.99789123,1.00019946,359409875.49231493
2022-10-05,0.99909083,1.00070549,0.99740160,1.00003202,307340113.33521926
2022-10-04,0.99891878,1.00338300,0.99843343,1.00084228,421923786.55722684
2022-10-03,1.00161509,1.00271263,0.99841692,0.99995412,360382577.16136330
2022-10-02,0.99898597,1.00157446,0.99889745,0.99969509,293770492.21988666
2022-10-01,1.00188569,1.01031418,0.99857524,0.99971342,390888283.35181910
2022-09-30,0.99797565,1.00660698,0.99480335,1.00041619,456792323.94899321
2022-09-29,1.00167009,1.00582831,0.99630558,0.99923945,413038937.14806879
2022-09-28,0.99992560,1.00499900,0.99373740,1.00036806,402783481.61375958
2022-09-27,0.99960512,1.00377816,0.99508469,0.99904436,345694502.23638356
2022-09-26,1.00109420,1.00283186,0.99826399,1.00129243,272937059.60253376
2022-09-25,1.00010341,1.00266719,0.99798084,1.00092647,217629023.71463910
2022-09-24,1.00013570,1.00229638,0.99778372,0.99901018,286442508.14677274
2022-09-23,1.00086847,1.00541036,0.99525664,0.99525664,371439164.41992486
2022-09-22,0.99904695,1.00260658,0.99806343,0.99975135,517215861.73585033
2022-09-21,0.99905013,1.00621941,0.99718370,1.00080344,363052211.17371845
2022-09-20,1.00007566,1.00176565,0.99686623,0.99956294,406264857.21692038
2022-09-19,1.00020631,1.00427694,0.99633791,0.99941486,500674372.34626496
2022-09-18,1.00047591,1.00316006,0.99853577,1.00132827,219657499.84304842
2022-09-17,0.99905293,1.00160852,0.99882505,0.99882505,307012069.23243833
2022-09-16,0.99916696,1.00343062,0.99840737,1.00188871,560784989.04940820
2022-09-15,1.00048385,1.00360261,0.99741174,1.00218474,744784345.02602172
2022-09-14,0.99979339,1.00502397,0.99726506,1.00130238,818178054.56014597
2022-09-13,0.99975979,1.00916061,0.99436704,1.00060798,601682662.89016795
2022-09-12,0.99737485,1.00908389,0.99637748,1.00079220,408960361.03759891
2022-09-11,1.00125906,1.00563518,0.99821724,1.00391354,366295196.21502942
2022-09-10,0.99920425,1.00566701,0.99638772,0.99910960,399718634.30181211
2022-09-09,1.00002661,1.00209226,0.99711087,1.00209226,459475153.44831663
2022-09-08,0.99960215,1.00193047,0.99813358,1.00037384,460851639.54907650
2022-09-07,1.00024520,1.00111728,0.99365651,1.00030982,581862525.29464519
2022-09-06,0.99842213,1.00263602,0.99693263,0.99972019,546458300.51429868
2022-09-05,1.00090080,1.00141083,0.99872575,1.00054502,533360064.30139959
2022-09-04,1.00151417,1.00685108,0.99938709,1.00685108,347363056.74288642
2022-09-03,1.00009690,1.00400672,0.99899956,1.00034235,359761300.35659951
2022-09-02,1.00088131,1.00183923,0.99889556,0.99889556,359321550.85641754
2022-09-01,0.99899160,1.00530199,0.99671410,1.00014512,402261887.97403193
2022-08-31,0.99875211,1.00177336,0.99645881,1.00074105,610396734.34419656
2022-08-30,1.00104682,1.00301773,0.99374722,0.99949986,632342846.96114349
2022-08-29,1.00230798,1.00302578,0.99953354,0.99978029,499062146.61020458
2022-08-28,1.00042876,1.00198230,0.99940724,1.00033329,387126464.55952960
2022-08-27,1.00137048,1.00218600,0.99780117,1.00218600,551500172.24295449
2022-08-26,1.00090703,1.00180500,0.99850747,1.00071463,360895168.35432118
2022-08-25,1.00055721,1.00301059,0.99944237,0.99978028,424405261.23222089
2022-08-24,1.00151567,1.00166798,0.99836551,1.00060642,447108887.86707377
2022-08-23,1.00230816,1.00643897,0.99901089,1.00028959,520800157.62972260
2022-08-22,1.00181089,1.00265767,0.99664695,1.00002713,461858771.36545074
2022-08-21,0.99939607,1.00438558,0.99863560,1.00146451,482745292.39707059
2022-08-20,1.00342911,1.00358155,0.99470030,1.00035577,691820916.84296274
2022-08-19,1.00049001,1.00635978,0.99639907,1.00015183,562984381.53931999
2022-08-18,1.00082896,1.00098664,0.99855192,1.00036787,433591420.96886408
2022-08-17,1.00138804,1.00233267,0.99880900,0.99880900,589415365.80747712
2022-08-16,1.00069306,1.00241422,0.99771781,1.00158271,589163467.07025433
2022-08-15,0.99868209,1.00370812,0.99868209,0.99986952,534623916.90740663
2022-08-14,1.00034458,1.00248737,0.99817407,0.99910184,371145504.65242124
2022-08-13,0.99971496,1.00199672,0.99756689,1.00114119,576925993.85537374
2022-08-12,1.00199108,1.00216803,0.99877751,1.00145791,713996579.53237998
2022-08-11,1.00053781,1.00617301,0.99721171,0.99721171,875806114.76286769
2022-08-10,1.00219246,1.00619779,0.99489082,1.00068617,851190897.19933152
2022-08-09,1.00207132,1.00791597,1.00044509,1.00102531,2878694036.42081451
2022-08-08,0.99953658,1.00272685,0.99765912,1.00106924,873318376.60412121
2022-08-07,1.00036205,1.00205915,0.99883882,0.99982087,341530611.85734874
2022-08-06,1.00027623,1.00141971,0.99891213,1.00027992,759828895.62253046
2022-08-05,1.00182916,1.00226989,0.99989139,1.00098078,660704830.10262537
2022-08-04,1.00195067,1.00223505,0.99553428,1.00060851,568440478.71166277
2022-08-03,1.00301925,1.00365319,0.99882524,1.00079340,653077430.99424875
2022-08-02,0.99953687,1.00240070,0.99864549,1.00206965,929704813.25944388
2022-08-01,1.00276998,1.00276998,0.99659458,1.00011355,1158197266.61799836
2022-07-31,1.00049090,1.00248076,0.99801581,1.00009699,694247823.35701609
2022-07-30,1.00429562,1.00933107,0.99654095,0.99985816,582732843.83199275
2022-07-29,1.00071501,1.00222355,0.99801228,1.00053336,772609901.91345131
2022-07-28,0.99946555,1.00777321,0.99454027,1.00044068,1156459306.66737580
2022-07-27,1.00076009,1.00240715,0.99446761,1.00037638,1238572406.37910128
2022-07-26,1.00407177,1.00479381,0.99899094,1.00101111,864857507.56149495
2022-07-25,1.00139002,1.00253655,0.99962901,1.00210186,425554448.36103088
2022-07-24,1.00155942,1.00226436,0.99907406,1.00012262,259700346.79398546
2022-07-23,0.99897753,1.00242274,0.99686510,1.00154822,316245282.23066622
2022-07-22,0.99917598,1.00464628,0.99834876,1.00027688,294274356.16795617
2022-07-21,0.99867745,1.00259889,0.99832653,1.00114356,328572653.67640448
2022-07-20,1.00037960,1.00203503,0.99517300,0.99801065,313566604.32187742
2022-07-19,1.00140939,1.00470397,0.99489704,1.00027699,385273376.15535820
2022-07-18,0.99993129,1.00317098,0.99374398,1.00099407,261166142.28762880
2022-07-17,1.00023081,1.00256841,0.99790378,1.00068932,246430621.84892309
2022-07-16,0.99810953,1.00215229,0.99810953,0.99906119,242027692.60421979
2022-07-15,1.00013438,1.00231563,0.99811648,1.00022871,273924885.57596648
2022-07-14,1.00043056,1.00316318,0.99896215,1.00180836,263437410.30590364
2022-07-13,1.00260434,1.00607395,0.99523600,1.00044047,248123001.08495674
2022-07-12,1.00070052,1.00231977,0.99854404,1.00208817,225429910.25732401
2022-07-11,1.00099599,1.00753864,0.99946010,1.00419944,190464841.53202161
2022-07-10,1.00071136,1.00354022,0.99810470,1.00031936,136186698.16834483
2022-07-09,1.00247230,1.00502829,0.99898944,1.00015571,160285928.08873016
2022-07-08,1.00128509,1.00297344,0.99920757,1.00084940,264606715.52174404
2022-07-07,1.00079629,1.00344846,0.99689317,1.00158313,218598269.03090861
2022-07-06,1.00089417,1.00683921,0.99964670,1.00120400,238431533.01650146
2022-07-05,1.00104422,1.00447606,0.99806130,0.99875835,244225736.38024372
2022-07-04,1.00196945,1.00305009,1.00003254,1.00170420,158036904.60904658
2022-07-03,1.00113776,1.00517214,1.00060388,1.00060388,189842758.64188582
2022-07-02,1.00524286,1.00524286,0.99936897,1.00247883,266125218.99757758
2022-07-01,0.99485613,1.00689600,0.99485613,1.00316879,376424125.08556116
2022-06-30,1.00181756,1.00666278,0.99796984,1.00396302,319291279.85250807
2022-06-29,1.00088156,1.00342126,1.00037212,1.00342126,355453391.62270421
2022-06-28,1.00121491,1.00284712,1.00033281,1.00202885,290866670.82403839
2022-06-27,1.00279692,1.00279692,1.00066611,1.00116809,248092516.34471783
2022-06-26,1.00148622,1.00198230,0.99900780,1.00130951,241319970.05975610
2022-06-25,0.99777321,1.00594441,0.99777321,1.00154712,299327919.48803020
2022-06-24,1.00057799,1.00262076,0.99803451,1.00103217,361102147.79587096
2022-06-23,1.00100906,1.00299282,0.99854702,1.00088398,359069665.04048389
2022-06-22,1.00015601,1.00615033,0.99589499,1.00231020,333205485.45675373
2022-06-21,1.00216082,1.00277573,0.99761796,1.00080241,389722266.84895462
2022-06-20,1.00187667,1.00360225,0.99693479,1.00288098,557982573.27957201
2022-06-19,1.00285214,1.00590542,0.99858918,0.99858918,775599988.69762743
2022-06-18,1.00175063,1.00826813,0.99826914,0.99826914,489804308.86980277
2022-06-17,1.00401871,1.00571173,0.99803372,1.00067347,458120564.87299681
2022-06-16,1.00223371,1.00429381,0.99799275,1.00429381,753309245.46882439
2022-06-15,1.00157983,1.00770997,0.99391999,0.99985864,793863834.60993552
2022-06-14,1.00424861,1.00512700,0.99944352,1.00304079,1088794202.03235865
2022-06-13,0.99998697,1.00729444,0.99923882,1.00296708,967443961.92619646
2022-06-12,1.00081206,1.00351349,0.99947879,1.00275147,400216708.34975523
2022-06-11,1.00196282,1.00321990,1.00013779,1.00231060,330034287.15972185
2022-06-10,1.00086586,1.00680137,0.99932305,1.00108848,209774675.70492494
2022-06-09,1.00018700,1.00219836,0.99814376,1.00091159,185530319.23094219
2022-06-08,1.00145258,1.00588836,0.99665165,1.00160124,347001434.67847657
2022-06-07,1.00035833,1.00268659,0.99530611,1.00141803,283416683.06356990
2022-06-06,1.00055544,1.00215320,0.99839779,1.00149122,222396989.13478407
2022-06-05,1.00244261,1.00244261,0.99952081,1.00035960,218195466.16439971
2022-06-04,1.00151904,1.00253629,1.00064070,1.00181204,201083865.58521372
2022-06-03,0.99946671,1.00237858,0.99946671,1.00180120,241303164.29335558
2022-06-02,0.99962511,1.00403069,0.99962511,1.00246005,285454331.75588596
2022-06-01,1.00029293,1.00329674,0.99981674,1.00116527,246801466.76708502
2022-05-31,1.00016559,1.00336940,0.99894514,1.00204426,291889884.76654744
2022-05-30,1.00127752,1.00302953,1.00032277,1.00056458,208339757.76417169
2022-05-29,1.00252680,1.00313487,1.00098651,1.00266837,142615024.72814348
2022-05-28,1.00115408,1.00310137,1.00069954,1.00192828,358185056.15084481
2022-05-27,1.00219620,1.00663671,1.00008623,1.00152121,546455553.03709412
2022-05-26,1.00072582,1.00334226,0.99942322,1.00200985,426710825.91109270
2022-05-25,1.00067281,1.00288388,0.99930387,1.00191044,353283018.46694863
2022-05-24,1.00159285,1.00254709,0.99597939,1.00055573,330809274.78742588
2022-05-23,1.00101639,1.00257946,0.99914200,1.00100857,247735586.41502857
2022-05-22,1.00208826,1.00361291,0.99983081,1.00266002,297763271.52930617
2022-05-21,1.00244185,1.00340900,1.00028242,1.00075102,606492125.28425503
2022-05-20,1.00019295,1.00385408,0.99819138,1.00055344,453056709.93953854
2022-05-19,1.00199798,1.00445947,0.99993429,1.00030890,413141765.14226454
2022-05-18,1.00189771,1.00343229,0.99974903,0.99974903,357999557.56287861
2022-05-17,1.00171762,1.00730132,0.99911359,1.00165067,370523232.17866135
2022-05-16,0.99969423,1.00402583,0.99969423,1.00215475,624577190.27583897
2022-05-15,1.00447168,1.00514865,1.00041831,1.00239981,612745793.07553244
2022-05-14,1.00241013,1.00440025,0.99664329,1.00018939,601279739.60235071
2022-05-13,1.00023962,1.00608016,0.99889970,1.00336661,2075970136.17428613
2022-05-12,0.99857427,1.02029614,0.99857427,1.00412659,3285728562.97683668
2022-05-11,1.00160264,1.02235411,0.99161528,1.00551056,1063027548.82322776
2022-05-10,1.00001052,1.00512535,0.99511997,0.99960424,1165806577.68964148
2022-05-09,1.00271270,1.00518118,0.99198260,0.99905467,517673009.97227633
2022-05-08,1.00089326,1.00400880,1.00015522,1.00104080,412092646.84971547
2022-05-07,1.00075151,1.00382658,1.00018764,1.00382658,318164880.08802944
2022-05-06,1.00099210,1.00452793,0.99942346,1.00153075,381004196.86210859
2022-05-05,1.00007827,1.00202546,0.99840774,1.00165892,335017417.67987812
2022-05-04,1.00122115,1.00633861,0.99942957,1.00038878,267159246.23248285
2022-05-03,1.00041709,1.00415212,0.99963469,1.00163585,269473495.00890309
2022-05-02,1.00152014,1.00329656,0.99864247,1.00109634,239580832.40062964
2022-05-01,1.00113753,1.00488457,0.99978034,1.00136411,282182855.60584319
2022-04-30,1.00071533,1.00247859,1.00036347,1.00199241,282618096.00885773
2022-04-29,1.00035593,1.00218509,0.99826251,1.00022434,248157268.46569854
2022-04-28,1.00008001,1.00191151,0.99889612,1.00021025,229988639.56899068
2022-04-27,1.00033372,1.00148216,0.99818650,0.99955834,308972324.25128442
2022-04-26,0.99984344,1.00082789,0.99799760,1.00030314,300032941.07540298
2022-04-25,0.99863358,1.00198200,0.99814771,1.00106396,261243448.50906536
2022-04-24,1.00090043,1.00190206,0.99970394,1.00145611,200137232.30912742
2022-04-23,1.00002384,1.00163355,0.99931419,1.00163355,276082583.74517554
2022-04-22,1.00016568,1.00235177,0.99872312,1.00100263,357146861.29706335
2022-04-21,0.99975264,1.00186174,0.99810261,1.00072005,391122512.99895084
2022-04-20,0.99954384,1.00138198,0.99805906,1.00138198,243972379.55667180
2022-04-19,1.00112060,1.00112060,0.99715413,1.00016633,297225945.92722452
2022-04-18,1.00128473,1.00156959,0.99964005,0.99971409,288593587.72893542
2022-04-17,1.00075642,1.00181560,1.00026279,1.00080306,173169841.52555311
2022-04-16,1.00026356,1.00173846,0.99995622,1.00034974,158250384.02635190
2022-04-15,1.00119702,1.01186160,0.99981096,1.00141947,257983556.52053276
2022-04-14,1.00150969,1.00315064,0.99960266,1.00109466,332149137.23291862
2022-04-13,1.00236927,1.00236927,0.99901290,1.00128894,360811337.73269093
2022-04-12,1.00035423,1.00216926,0.99797428,1.00065617,506111975.52787519
2022-04-11,1.00002630,1.00187286,0.99919682,1.00061337,345367192.51732802
2022-04-10,1.00104508,1.00152204,0.99698229,1.00106725,184546132.85425442
2022-04-09,1.00194101,1.00194101,0.99971320,1.00076440,304248411.82949370
2022-04-08,0.99912266,1.00213848,0.99912266,1.00213848,308016709.18743151
2022-04-07,0.99974070,1.00249681,0.99658510,1.00055401,481035691.08378541
2022-04-06,1.00025672,1.00232807,0.99882456,1.00067530,441931722.61440736
2022-04-05,0.99953877,1.00156355,0.99877541,1.00078081,300356664.84575623
2022-04-04,1.00044424,1.00114341,0.99839242,0.99945539,271287128.97676176
2022-04-03,0.99906613,1.00256635,0.99906613,1.00036104,286507380.62792999
2022-04-02,0.99966969,1.00084274,0.99816287,1.00042876,409385870.89745516
2022-04-01,1.00303585,1.00303585,0.99601537,0.99985008,394613334.05649340
2022-03-31,0.99878238,1.00137528,0.99840298,1.00042073,300745885.05178660
2022-03-30,0.99942201,1.00014392,0.99822381,0.99910781,283079524.76147962
2022-03-29,0.99786403,0.99964383,0.99786403,0.99926206,359785333.57075518
2022-03-28,0.99866306,0.99995539,0.99673409,0.99878123,290906680.92061388
2022-03-27,0.99888926,0.99946206,0.99418505,0.99846678,139685004.55895519
2022-03-26,0.99925661,1.00018558,0.99821795,0.99894087,238541315.88092816
2022-03-25,0.99926637,1.00046803,0.99531678,0.99878602,335487763.21679294
2022-03-24,0.99922368,0.99997550,0.99782948,0.99899793,270195455.40711409
2022-03-23,0.99889206,1.00376412,0.99870421,1.00003967,232320391.83850110
2022-03-22,0.99918900,1.00382364,0.99834077,0.99967755,242079202.07941014
2022-03-21,0.99931979,1.00158753,0.99890639,1.00011338,173708721.06737188
2022-03-20,0.99957683,1.00087094,0.99855227,0.99993618,143293416.98001727
2022-03-19,1.00011178,1.00052154,0.99801320,0.99801320,243347314.43189293
2022-03-18,1.00044971,1.00223233,0.99822635,0.99936599,200112894.81431538
2022-03-17,1.00073742,1.00189092,0.99863192,1.00058260,269174696.51672792
2022-03-16,0.99832746,1.00068425,0.99689689,0.99830055,271739723.79529214
2022-03-15,0.99967454,1.00282119,0.99779550,0.99996573,208014152.35761735
2022-03-14,1.00140378,1.00946802,0.99920949,1.00063065,221002525.09722427
2022-03-13,0.99981808,1.00124505,0.99964325,1.00102215,139778981.52742741
2022-03-12,0.99829980,1.00175660,0.99829980,1.00029926,192632780.72173470
2022-03-11,1.00009710,1.00312735,0.99697206,0.99992424,260605273.67274046
2022-03-10,1.00013748,1.00205427,0.99662851,0.99974264,285229381.00508779
2022-03-09,0.99973186,1.00148285,0.99841694,1.00123029,317765439.91615134
2022-03-08,1.00008646,1.00211548,0.99846565,1.00011506,327672091.47053283
2022-03-07,1.00065511,1.00178823,0.99724308,1.00168526,240373944.72888932
2022-03-06,1.00153836,1.00237789,0.99965830,1.00115045,169097144.02381766
2022-03-05,0.99986749,1.00232757,0.99871420,1.00139741,328480615.34329301
2022-03-04,0.99887097,1.00185457,0.99664543,0.99969418,318882083.25219905
2022-03-03,0.99988682,1.00129376,0.99564707,1.00065070,266720247.03510743
2022-03-02,1.00051581,1.00222834,0.99775330,1.00142950,296057755.69491613
2022-03-01,1.00076045,1.00340831,0.99753462,0.99962427,300515040.64551097
2022-02-28,1.00156261,1.00386286,0.99911602,1.00059320,285311225.13272798
2022-02-27,1.00236748,1.00337301,0.99809569,1.00224675,192770353.61322060
2022-02-26,1.00030989,1.00310224,1.00001021,1.00129173,268833358.79729408
2022-02-25,1.00112096,1.00446960,0.99768762,1.00003147,577030623.51786530
2022-02-24,1.00046500,1.00567384,0.99752212,0.99886186,635108322.29551470
2022-02-23,0.99932468,1.00228418,0.99848444,1.00018298,277498933.71845728
2022-02-22,1.00067149,1.00250525,0.99776360,1.00106043,377656346.69088787
2022-02-21,1.00044332,1.00302106,0.99965418,0.99965418,314852540.61267459
2022-02-20,1.00293686,1.00402996,1.00056128,1.00119232,257493948.05848986
2022-02-19,1.00051055,1.00265333,0.99958448,1.00079807,251337504.94712573
2022-02-18,0.99915880,1.00273525,0.99915880,1.00033186,298282787.72261709
2022-02-17,1.00001419,1.00310057,0.99836855,1.00299106,263758047.64923722
2022-02-16,0.99922872,1.00157612,0.99922872,1.00001886,281112289.77534908
2022-02-15,1.00002932,1.00104599,0.99874795,1.00098974,232610120.74487057
2022-02-14,1.00078385,1.00246045,0.99929123,1.00170676,159619114.36790559
2022-02-13,1.00192020,1.00203889,0.99900438,1.00060087,178645781.87776500
2022-02-12,0.99999063,1.00331618,0.99999063,1.00130568,343017873.49847990
2022-02-11,1.00240543,1.00317862,0.99879286,1.00129629,471443855.23538148
2022-02-10,1.00121592,1.00367453,0.99654781,0.99910980,426458232.06615955
2022-02-09,1.00205785,1.00318993,0.99852447,1.00037404,349622364.18275583
2022-02-08,1.00035760,1.00342481,0.99685832,1.00342481,377209276.58430272
2022-02-07,1.00071352,1.00463172,0.99911372,1.00005071,190652866.55031943
2022-02-06,0.99989592,1.00282698,0.99955997,1.00247748,237183415.97841650
2022-02-05,1.00434569,1.00434569,0.99949510,1.00185031,343600349.00823396
2022-02-04,1.00083608,1.00266360,0.99949005,1.00116695,257479365.65138277
2022-02-03,1.00128854,1.00371408,0.99965395,1.00186785,273042724.97603112
2022-02-02,1.00136870,1.00297875,0.99922603,0.99998692,250620261.27777779
2022-02-01,1.00101058,1.00414933,0.99887548,1.00166873,283722824.94444442
2022-01-31,0.99964839,1.00289614,0.99873997,1.00090996,285487983.69444442
2022-01-30,1.00127382,1.00297072,0.99901589,0.99972541,206284261.00000000
2022-01-29,1.00201240,1.00255072,0.99815426,1.00115711,501693760.61111110
2022-01-28,1.00113327,1.00320277,0.99719700,1.00218167,828716130.88888884
2022-01-27,0.99945672,1.01129911,0.99617781,1.00107954,494492387.00000000
2022-01-26,1.00034585,1.00919430,0.98948328,1.00013737,306016552.05555558
2022-01-25,1.00156631,1.00746490,0.99880597,1.00112947,580708943.72125435
2022-01-24,1.00080173,1.00582474,0.99401742,1.00260112,424368846.88888890
2022-01-23,1.00154182,1.00442106,0.99554326,1.00052064,618098510.66666663
2022-01-22,1.00181801,1.00782572,0.99582502,1.00024015,1253756945.90209794
2022-01-21,1.00051073,1.00671691,0.99393663,0.99982999,640561262.22222221
2022-01-20,1.00036349,1.00326347,0.99737807,1.00005479,348474067.83333331
2022-01-19,1.00004762,1.00227221,0.99787819,1.00041069,393608464.27874565
2022-01-18,1.00071515,1.00230482,0.99562230,0.99995211,337413931.44444442
2022-01-17,1.00002975,1.00533288,0.99484440,1.00035681,452229568.54387915
2022-01-16,1.00013683,1.00894330,0.99586967,1.00017075,307588579.68225551
2022-01-15,0.99917993,1.00789013,0.99745168,1.00013683,282322492.35412961
2022-01-14,0.99923473,1.01226982,0.98981246,0.99917993,337488326.14234823
2022-01-13,1.00287474,1.00457732,0.99640762,0.99923473,347469161.03189021
2022-01-12,0.99961344,1.01044811,0.99678733,1.00287474,338351540.76925749
2022-01-11,1.00107051,1.00798319,0.99255608,0.99961344,616997804.91854978
2022-01-10,1.00285667,1.01775519,0.99646968,1.00107051,320263189.03331584
2022-01-09,0.99674046,1.00658657,0.99674046,1.00285667,390559907.79237038
2022-01-08,1.00344216,1.01186858,0.99489989,0.99674046,413961844.32779968
2022-01-07,0.99993072,1.01148785,0.98509134,1.00344216,626497204.90261090
2022-01-06,1.00272540,1.00652345,0.99462837,0.99993072,562291377.93545377
2022-01-05,0.99932681,1.00622443,0.99080627,1.00272540,360571685.16165966
2022-01-04,1.00215355,1.00633098,0.99119427,0.99932681,314991067.85728478
2022-01-03,1.00172866,1.00545277,0.99795426,1.00215355,278551044.83576483
2022-01-02,1.00458385,1.00577515,0.99773179,1.00172866,276051301.79705244
2022-01-01,0.99937001,1.00613730,0.99759074,1.00458385,338505437.25590777
2021-12-31,1.00231010,1.00571028,0.99444022,0.99937001,368696836.95177770
2021-12-30,1.00310914,1.00728256,0.99579948,1.00231010,350817559.83724809
2021-12-29,0.99992194,1.01188678,0.99956251,1.00310914,520722794.72932506
2021-12-28,0.99703334,1.00431024,0.99703334,0.99992194,385136582.31552291
2021-12-27,1.00102378,1.00271084,0.99703334,0.99703334,411178017.85061914
2021-12-26,0.99915606,1.00428870,0.99692347,1.00102378,321246097.77254403
2021-12-25,1.00154196,1.00509657,0.99880330,0.99915606,318357311.79451841
2021-12-24,1.00419433,1.00780600,0.99443277,1.00154196,378825888.13961738
2021-12-23,1.00157495,1.01073848,1.00076696,1.00419433,435317635.94891280
2021-12-22,0.99923300,1.01394355,0.99868746,1.00157495,358253638.79465127
2021-12-21,1.00386122,1.01408382,0.99923300,0.99923300,550072946.19238198
2021-12-20,0.99799771,1.00679744,0.99369696,1.00386122,533700418.90262383
2021-12-19,0.99992191,1.00358981,0.99799771,0.99799771,476286857.91939980
2021-12-18,1.00031294,1.01003665,0.99693548,0.99992191,740515508.02328026
2021-12-17,0.99988095,1.00529400,0.99096700,1.00031294,559233317.75003707
2021-12-16,0.99965743,1.00290987,0.99675035,0.99988095,730739393.96616793
2021-12-15,1.00052453,1.00590976,0.99655802,0.99965743,696433595.93289721
2021-12-14,1.00124510,1.00359762,0.99633339,1.00052453,671388070.81762981
2021-12-13,1.00170455,1.00445825,0.99356305,1.00124510,514222689.43048394
2021-12-12,1.00346679,1.01862109,0.99848336,1.00170455,442636083.88885140
2021-12-11,1.00062589,1.00542542,0.99811620,1.00346679,850925320.81883478
2021-12-10,1.00129663,1.01057106,0.99469184,1.00062589,830230179.98694301
2021-12-09,1.00135577,1.00298742,0.99333766,1.00129663,587065459.53448474
2021-12-08,1.00296137,1.00510050,0.98715043,1.00135577,514738460.98189354
2021-12-07,1.00102386,1.00296137,0.99383550,1.00296137,779131458.60491621
2021-12-06,1.00047596,1.01150599,0.99269686,1.00102386,900800035.07955801
2021-12-05,0.99959270,1.00443705,0.99478373,1.00047596,1048667096.71487808
2021-12-04,0.99970377,1.00595305,0.96968847,0.99959270,1402008509.16138363
2021-12-03,0.99753995,1.00386566,0.99513802,0.99970377,654279178.24507284
2021-12-02,1.00131949,1.00270106,0.99753995,0.99753995,686482118.65075552
2021-12-01,1.00562572,1.00562572,0.99522848,1.00131949,705709087.64985704
2021-11-30,0.99860968,1.00461697,0.98877868,0.99902254,530511569.43937534
2021-11-29,1.00163783,1.00533389,0.99656013,0.99860968,605288666.35456705
2021-11-28,0.99879867,1.00847828,0.99819360,1.00163783,352111106.40161657
2021-11-27,1.00017213,1.00400778,0.99315592,0.99879867,537471972.07989168
2021-11-26,0.99796059,1.00440586,0.99401392,1.00017213,761431017.60072708
2021-11-25,1.00224497,1.00419943,0.99691363,0.99796059,536614631.58871514
2021-11-24,0.99863396,1.00298645,0.99402577,1.00224497,690443913.53628027
2021-11-23,1.00045416,1.00381667,0.99751109,1.00220794,709830749.93395853
2021-11-22,1.00487622,1.00487622,0.99565562,1.00045416,741059361.67552245
2021-11-21,1.00669403,1.01100785,1.00166178,1.00487622,658632962.59080124
2021-11-20,1.00626700,1.00930055,1.00040884,1.00669403,526224175.28753215
2021-11-19,1.00421093,1.00626700,0.99558650,1.00626700,817001793.68067062
2021-11-18,1.00469218,1.00653745,0.99355091,1.00421093,799764265.34553111
2021-11-17,1.00178709,1.01351088,0.99558385,1.00469218,973125048.47998726
2021-11-16,1.00314408,1.00510995,0.99878424,1.00178709,940221377.33144557
2021-11-15,1.00983311,1.00983311,1.00079300,1.00314408,513004407.60070008
2021-11-14,1.00317282,1.00983311,0.99918117,1.00983311,308185555.85229474
2021-11-13,1.00764128,1.00764128,0.99916164,1.00317282,458386645.55980986
2021-11-12,1.00116711,1.00764128,0.99867427,1.00764128,610266645.91339004
2021-11-11,1.00442137,1.00621646,0.99917817,1.00116711,826464623.35521460
2021-11-10,1.00114998,1.00859344,0.99561368,1.00442137,621918546.34093285
2021-11-09,1.00095557,1.00467864,0.99951626,1.00114998,540986149.14088559
2021-11-08,1.01141600,1.01141600,0.99988622,1.00095557,614368240.02428162
2021-11-07,1.00108099,1.00799530,0.99957336,1.00233028,564512764.82786202
2021-11-06,1.00297616,1.00571898,0.99919262,1.00108099,644170671.75263941
2021-11-05,1.00061998,1.00687273,0.99803633,1.00159896,734628423.04157591
2021-11-04,1.00063211,1.00437420,0.99681623,1.00061998,642005231.42194617
2021-11-03,0.99984932,1.00312537,0.99677119,1.00063211,663169243.15496945
2021-11-02,1.00161449,1.00905866,0.99511031,0.99984932,604225413.39595008
2021-11-01,1.00239238,1.00477101,0.99586042,1.00161449,548469090.36027026
2021-10-31,1.00391614,1.00578191,0.99833339,1.00056894,639747623.09593952
2021-10-30,1.00198617,1.00391614,0.99987492,1.00391614,697512215.14222145
2021-10-29,1.00390827,1.01199972,0.99812183,1.00198617,910077087.99567246
2021-10-28,0.99763353,1.00892766,0.99763353,1.00390827,887946878.19651103
2021-10-27,1.00460254,1.00609674,0.99538803,0.99763353,897375290.70008457
2021-10-26,1.00545194,1.00753352,0.99288248,1.00460254,614969133.08660996
2021-10-25,1.00541831,1.00915483,0.99908378,1.00545194,471488687.36396265
2021-10-24,1.00871286,1.00871286,0.99807953,1.00541831,450947834.65912592
2021-10-23,1.00352965,1.00871286,1.00028874,1.00871286,491234831.53654426
2021-10-22,0.99914984,1.00574018,0.99502339,1.00352965,711855256.37849379
2021-10-21,1.00371652,1.00814587,0.99657690,0.99914984,781798999.40615201
2021-10-20,1.00010427,1.00801397,0.99835378,1.00371652,467029413.09538043
2021-10-19,1.00083968,1.00526833,0.99890639,1.00010427,457332086.66796148
2021-10-18,1.00470361,1.00542524,0.99702707,1.00083968,504075877.42551601
2021-10-17,1.00285083,1.00582622,0.99536402,1.00470361,504246358.89989173
2021-10-16,1.00489062,1.00727331,0.99848081,1.00285083,754502735.16340494
2021-10-15,1.00188709,1.00877433,1.00098753,1.00489062,1105257343.11299086
2021-10-14,1.00509306,1.00926014,0.99756931,1.00188709,1037328959.33870697
2021-10-13,0.99970932,1.00716920,0.99860284,1.00509306,795178961.22630703
2021-10-12,1.00730817,1.01181765,0.99611918,0.99970932,456612942.55401939
2021-10-11,1.00127343,1.00848857,0.99955080,1.00730817,434873947.65256488
2021-10-10,1.00298799,1.00998225,0.99878434,1.00127343,257819565.63821137
2021-10-09,1.00183953,1.00533177,0.99716629,1.00298799,324957118.76415879
2021-10-08,1.00108435,1.00634880,0.99789775,1.00183953,375665361.41700584
2021-10-07,1.00175408,1.00579744,0.99942617,1.00108435,545772189.38506997
2021-10-06,1.00176268,1.00540808,0.99500399,1.00175408,493839807.87506890
2021-10-05,1.00325870,1.00599153,0.99970142,1.00176268,465696120.70130050
2021-10-04,1.00285888,1.00711801,0.99237589,1.00325870,357053824.62933546
2021-10-03,1.00189308,1.00576424,0.99331358,1.00285888,270546697.45540833
2021-10-02,1.00264360,1.00525183,0.99950468,1.00189308,391773775.03222191
2021-10-01,1.00578467,1.00579699,0.99742553,1.00264360,468503558.41204679
2021-09-30,1.00445786,1.02152935,0.99904733,1.00578467,1655815888.73847890
2021-09-29,0.99487615,1.00676170,0.99487615,1.00445786,471645135.56121004
2021-09-28,0.99449240,1.00494808,0.99449240,0.99487615,472550372.78512961
2021-09-27,1.00392215,1.00661894,0.99449240,0.99449240,479441566.57491916
2021-09-26,1.00419509,1.00807266,0.98979089,1.00392215,353616553.12501752
2021-09-25,1.00226153,1.00643143,1.00103867,1.00419509,449555965.13890600
2021-09-24,1.00408153,1.00830138,0.98379770,1.00226153,393871869.25913733
2021-09-23,1.00031240,1.00742530,0.99823223,1.00408153,359742883.30804557
2021-09-22,1.00151787,1.00758116,0.99596481,1.00031240,791072624.25071335
2021-09-21,0.99879326,1.00730457,0.99424443,1.00151787,733463004.68097532
2021-09-20,1.00449749,1.00798733,0.99021355,0.99879326,469959724.52061516
2021-09-19,1.00383796,1.00505350,0.99838063,1.00449749,278576750.42143798
2021-09-18,1.00436948,1.01026051,1.00031994,1.00383796,295581769.98765385
2021-09-17,1.00190254,1.00559016,1.00023222,1.00436948,353659188.57064652
2021-09-16,1.00179664,1.00352704,0.99630095,1.00190254,319251670.73447222
2021-09-15,1.00167106,1.00446709,0.99933807,1.00179664,286248770.01594979
2021-09-14,1.00066768,1.00609498,0.99909297,1.00167106,319760965.93507308
2021-09-13,1.00055699,1.02579461,0.99752039,1.00066768,341564158.25709176
2021-09-12,1.00349908,1.00599037,0.99775194,1.00055699,244122573.27846923
2021-09-11,1.00189396,1.00652830,1.00034211,1.00349908,403214121.08700490
2021-09-10,1.00447473,1.00589867,0.99584438,1.00189396,336920218.01279926
2021-09-09,0.99840620,1.01134284,0.99840620,1.00447473,425677096.44373673
2021-09-08,1.00327474,1.00589268,0.99799005,0.99840620,794887102.00363970
2021-09-07,1.00113521,1.00890130,0.99762800,1.00327474,568110324.69638646
2021-09-06,0.99917799,1.00137417,0.99719860,1.00113521,303750550.53893167
2021-09-05,1.00011871,1.00174646,0.99807018,0.99917799,299288178.74734634
2021-09-04,0.99889849,1.00373023,0.99834755,1.00011871,354049725.68787408
2021-09-03,0.99985123,1.00569973,0.99724257,0.99889849,564753668.76811779
2021-09-02,1.00303609,1.00303609,0.99692264,0.99985123,617439973.45278120
2021-09-01,1.00399012,1.00681479,0.99845191,1.00303609,519622441.09666318
2021-08-31,1.00017532,1.00550086,0.99895905,1.00399012,439352602.23849952
2021-08-30,0.99993943,1.00646117,0.99929342,1.00017532,287413061.23152632
2021-08-29,1.00015655,1.00876902,0.99719171,0.99993943,248566623.87059593
2021-08-28,1.00267545,1.00321658,0.99888146,1.00015655,262125066.76981974
2021-08-27,0.99979209,1.00657460,0.99869208,1.00267545,310124256.84785551
2021-08-26,0.99985466,1.00543292,0.99807922,0.99979209,347221259.59589070
2021-08-25,1.00234865,1.00599852,0.99667059,0.99985466,414446219.38810343
2021-08-24,1.00037168,1.00473215,0.99677046,1.00234865,467481071.90273350
2021-08-23,1.00632831,1.00632831,0.99771847,1.00037168,399178559.47111624
2021-08-22,1.00135984,1.00632831,0.99735998,1.00632831,278361404.64677262
2021-08-21,0.99968401,1.00596600,0.99843053,1.00135984,376923696.30073410
2021-08-20,1.00575247,1.01376675,0.99881084,0.99968401,403827956.22353768
2021-08-19,0.99724527,1.01152260,0.99724527,1.00575247,498406453.09382194
2021-08-18,1.00182615,1.00658996,0.99724527,0.99724527,543952898.89482522
2021-08-17,0.99962916,1.00453657,0.99786317,1.00182615,469159664.00101358
2021-08-16,1.00098616,1.00311489,0.99501880,0.99962916,394996778.29658949
2021-08-15,1.00104454,1.00604034,0.99648162,1.00098616,336648421.01441234
2021-08-14,1.00081818,1.00295727,0.98690110,1.00104454,362203881.32258707
2021-08-13,1.00294090,1.00812328,0.99822070,1.00081818,421392459.32915431
2021-08-12,0.99967083,1.00433865,0.99734526,1.00294090,409417616.77021778
2021-08-11,1.00262600,1.00316436,0.99840755,0.99967083,424983807.83805025
2021-08-10,1.00398513,1.00702729,0.99691162,1.00262600,595752500.84624362
2021-08-09,1.00355134,1.01107930,0.99717305,1.00398513,536762550.91832256
2021-08-08,0.99977754,1.00355134,0.99630027,1.00355134,560391448.31973183
2021-08-07,1.00016264,1.00881919,0.99399435,0.99977754,672639531.00010872
2021-08-06,0.99874334,1.00725584,0.99285787,1.00016264,611650087.45739949
2021-08-05,0.99511637,1.00784179,0.99405419,0.99874334,531078614.67945713
2021-08-04,1.00612477,1.00612477,0.99511637,0.99511637,471746248.65610528
2021-08-03,1.00237745,1.00676590,0.99783059,1.00612477,959273095.75639534
2021-08-02,0.99849523,1.00474194,0.99774252,1.00237745,392922729.09995425
2021-08-01,0.99997183,1.00846504,0.99659809,0.99849523,387571890.34977460
2021-07-31,1.00426546,1.00707915,0.99921942,0.99997183,470965032.35284448
2021-07-30,1.00619386,1.00619386,0.99748572,1.00426546,1370228663.82161236
2021-07-29,0.99977108,1.00724555,0.99282957,1.00619386,1055798606.47447443
2021-07-28,1.00461827,1.00921411,0.99494417,0.99977108,689554707.90422523
2021-07-27,0.99541476,1.00913760,0.99512611,1.00461827,567293487.32767403
2021-07-26,1.00269264,1.00941850,0.97085525,0.99541476,474507111.62777781
2021-07-25,1.00211985,1.00428192,0.99916519,1.00269264,347512697.22437924
2021-07-24,1.00651103,1.00711181,0.99942249,1.00211985,322325105.38450271
2021-07-23,1.00279091,1.01097459,1.00029699,1.00651103,280451148.97197866
2021-07-22,1.00560880,1.00560880,0.99965209,1.00279091,397085003.07026482
2021-07-21,1.00478720,1.01171637,0.99898753,1.00560880,394071930.77245575
2021-07-20,1.00166360,1.00628655,0.99885599,1.00478720,399273859.16398215
2021-07-19,1.00236496,1.00482488,1.00035707,1.00166360,249970037.29773241
2021-07-18,1.00263986,1.00629363,1.00130245,1.00236496,204150702.21314359
2021-07-17,0.99865284,1.00750386,0.99865284,1.00263986,311330445.77856469
2021-07-16,1.00501912,1.00671524,0.99865284,0.99865284,506191632.51990807
2021-07-15,1.00265192,1.00647875,0.99968842,1.00501912,472620251.53190821
2021-07-14,1.00362709,1.00474909,0.99683877,1.00265192,455387295.36888421
2021-07-13,1.00391497,1.00611417,1.00004722,1.00362709,401595183.36521888
2021-07-12,1.00178876,1.00605813,0.99938076,1.00391497,335105707.50398409
2021-07-11,1.00253028,1.00953372,1.00021952,1.00178876,308533917.19867516
2021-07-10,1.00183947,1.00425484,0.99890574,1.00253028,338480740.50152236
2021-07-09,1.00087826,1.00564153,1.00087826,1.00183947,320403655.24733174
2021-07-08,1.00148406,1.00776057,0.99725534,1.00087826,331642244.33393598
2021-07-07,1.00339277,1.04252788,0.99854052,1.00148406,-5611158268.75561905
2021-07-06,1.00278296,1.00496245,0.99937903,1.00339277,434502006.30367935
2021-07-05,1.00264390,1.00664293,0.99998978,1.00278296,544465469.02091622
2021-07-04,1.00703936,1.00935432,0.99832347,1.00264390,281525078.69871640
2021-07-03,1.00628095,1.01614255,1.00136808,1.00703936,364237924.41357875
2021-07-02,1.00288942,1.00958280,0.99972454,1.00628095,459613646.03812057
2021-07-01,1.00340719,1.00833481,0.99261414,1.00288942,562032025.59746087
2021-06-30,0.99999828,1.00598681,0.99056053,1.00340719,1225753560.05706310
2021-06-29,1.00454038,1.00693442,0.99999828,0.99999828,602698267.38536215
2021-06-28,1.00709638,1.00709638,0.99904432,1.00454038,390996833.07342631
2021-06-27,1.00542955,1.01112625,0.99925827,1.00709638,382943167.86574036
2021-06-26,1.00422569,1.01727278,0.99042825,1.00542955,407124059.06311595
2021-06-25,1.00061207,1.00458338,0.99383816,1.00422569,335021494.19514823
2021-06-24,1.00337793,1.01491223,0.99474715,1.00061207,340904322.49660808
2021-06-23,1.00317121,1.01204529,0.99594251,1.00337793,855829556.91990077
2021-06-22,1.00161939,1.01502610,0.99294483,1.00317121,1222743006.28806663
2021-06-21,1.00228077,1.00830415,0.99308063,1.00161939,770793148.05346608
2021-06-20,1.00344909,1.01327899,0.99801921,1.00228077,555689281.35150039
2021-06-19,1.00243852,1.00729175,0.99837417,1.00344909,538682706.20726120
2021-06-18,1.00585956,1.00689651,0.99244462,1.00243852,541771295.67085838
2021-06-17,0.99961624,1.00585956,0.99938547,1.00585956,626562693.37488449
2021-06-16,1.00325756,1.00533651,0.99770152,0.99961624,439537570.47240037
2021-06-15,1.00166842,1.00643818,1.00105813,1.00325756,525286692.47868419
2021-06-14,1.00060302,1.00714094,1.00060302,1.00166842,438480015.61714387
2021-06-13,1.00351332,1.01020714,0.99975276,1.00060302,329891473.08958650
2021-06-12,1.00052180,1.01085760,0.99748212,1.00351332,605051744.78685701
2021-06-11,1.00429432,1.00945804,0.99893573,1.00052180,520279046.76203090
2021-06-10,1.00253870,1.00753946,0.99793182,1.00429432,935401540.81073833
2021-06-09,1.00093687,1.01320887,0.99587796,1.00253870,638652890.73745871
2021-06-08,0.99947885,1.01063689,0.99047574,1.00093687,670913601.59354174
2021-06-07,1.00390135,1.00889871,0.98366396,0.99947885,342661471.81731838
2021-06-06,1.00412065,1.00888454,0.99854690,1.00390135,367952418.77815700
2021-06-05,1.00096921,1.00941307,0.99138459,1.00412065,465392953.73959374
2021-06-04,1.00132134,1.01293434,0.99681655,1.00096921,609183079.72370505
2021-06-03,1.00013029,1.00911091,0.99791423,1.00132134,478609462.22084850
2021-06-02,1.00104547,1.00502172,0.99696337,1.00013029,507794339.38316643
2021-06-01,1.00441949,1.00589811,0.99833099,1.00104547,553151010.68118167
2021-05-31,1.00387846,1.00484374,0.99580087,1.00441949,483213434.61335152
2021-05-30,0.99933624,1.00710529,0.99561278,1.00142202,709326263.73994577
2021-05-29,1.00375063,1.00634290,0.99223458,0.99933624,673747143.34465587
2021-05-28,0.99280600,1.00598887,0.99280600,1.00375063,631869027.47117519
2021-05-27,1.00041760,1.00899256,0.99280600,0.99280600,861899202.97106087
2021-05-26,1.00082819,1.00367834,0.99525114,1.00041760,760497851.49887037
2021-05-25,1.00890349,1.00890349,0.99691881,1.00082819,1064374550.94403327
2021-05-24,1.00641444,1.01516834,0.99476525,1.00890349,1999141114.45348907
2021-05-23,0.99701146,1.00950160,0.99021438,1.00641444,1434460222.27724695
2021-05-22,1.00292548,1.00665380,0.99701146,0.99701146,1402103136.17517114
2021-05-21,0.99636036,1.00558991,0.99216238,1.00292548,1473266518.34427953
2021-05-20,0.99489813,1.02390384,0.97981688,0.99636036,3080892621.51663923
2021-05-19,0.99277135,1.02381813,0.92696588,0.99489813,1538321037.17917800
2021-05-18,1.00338251,1.00570176,0.99055778,0.99277135,917387392.61074400
2021-05-17,1.00070141,1.01986989,0.98127726,1.00338251,1369407357.93182588
2021-05-16,0.99939274,1.00793489,0.98608473,1.00070141,855818203.56580961
2021-05-15,1.00043922,1.00552456,0.99444797,0.99939274,914875602.89153826
2021-05-14,0.99343058,1.00678102,0.99343058,1.00043922,1287048885.20410728
2021-05-13,1.00017790,1.00629867,0.97793146,0.99343058,1457828997.91963434
2021-05-12,1.00151595,1.00445995,0.99085977,1.00017790,663743210.64171207
2021-05-11,1.00339386,1.00480127,0.99892144,1.00151595,854863588.48489320
2021-05-10,1.00151371,1.00499532,0.99678042,1.00339386,657939185.45492983
2021-05-09,1.00029869,1.00299949,0.99401659,1.00151371,700260535.43070388
2021-05-08,1.00157843,1.00352600,0.99757290,1.00029869,487327496.61884022
2021-05-07,1.00016521,1.00359385,0.99721335,1.00157843,710576960.67925358
2021-05-06,1.00059247,1.00470180,0.99770337,1.00016521,741285860.54411185
2021-05-05,0.99991356,1.01875330,0.99659179,1.00059247,886210358.02805078
2021-05-04,1.00090164,1.00292205,0.99308221,0.99991356,851032288.59311497
2021-05-03,1.00223146,1.00472447,0.99767314,1.00090164,453805002.73841715
2021-05-02,1.00441019,1.00441019,0.99752579,1.00223146,305651371.82942176
2021-05-01,0.99939401,1.00733438,0.99733834,1.00072953,341220067.09234035
2021-04-30,1.00184497,1.01693140,0.99707787,0.99939401,461377055.04281282
2021-04-29,1.00110328,1.00559354,0.99647097,1.00184497,419898779.53566539
2021-04-28,0.99940789,1.00861805,0.99733501,1.00110328,424995073.47131079
2021-04-27,1.00045431,1.00359716,0.99760894,0.99940789,478939028.91170025
2021-04-26,0.99893047,1.01003348,0.99767766,1.00045431,515665271.38955253
2021-04-25,0.99938764,1.00423764,0.99065374,1.00219311,428093866.73984402
2021-04-24,1.00074547,1.00377209,0.99725114,0.99938764,757819594.95924664
2021-04-23,0.99922393,1.00678711,0.99816769,1.00074547,982903637.56354356
2021-04-22,1.00123505,1.00467932,0.99030005,1.00186621,663576301.27943301
2021-04-21,0.99999546,1.00329763,0.99504805,1.00123505,546499056.55560625
2021-04-20,0.99883895,1.00359992,0.99222480,0.99999546,583689007.40465879
2021-04-19,0.99889392,1.00210031,0.99573477,0.99883895,1468264919.67076588
2021-04-18,1.00092462,1.00579587,0.99800904,0.99889392,703382704.79768193
2021-04-17,0.99675733,1.00550613,0.99502828,1.00092462,430357935.15912968
2021-04-16,1.00182801,1.00462856,0.99675733,0.99675733,451018775.11650586
2021-04-15,1.00296150,1.00345969,0.99838744,1.00182801,449189742.42212200
2021-04-14,1.00033688,1.00631153,0.99041653,1.00185635,609687578.36765230
2021-04-13,0.99897888,1.00201358,0.99849225,1.00033688,351694075.25139052
2021-04-12,1.00255453,1.00257842,0.99456796,0.99897888,246110290.02487862
2021-04-11,1.00171430,1.00256877,0.99825999,1.00255453,248228327.65775573
2021-04-10,1.00168470,1.00277246,0.99704926,1.00171430,285334396.97916692
2021-04-09,1.00057940,1.00222993,0.99788634,1.00168470,234372395.03788707
2021-04-08,0.99991541,1.00416628,0.99871511,1.00057940,315506824.99405259
2021-04-07,0.99997756,1.00435952,0.99638860,0.99991541,343807244.67434448
2021-04-06,1.00099195,1.00298934,0.99850176,0.99997756,439236829.23885798
2021-04-05,1.00130906,1.00366814,0.99786965,1.00099195,398821140.35697055
2021-04-04,0.99747266,1.00336198,0.99747266,1.00130906,360462635.90917593
2021-04-03,1.00057459,1.00369357,0.99660924,0.99747266,514502058.85686904
2021-04-02,0.99750465,1.00388671,0.99750465,1.00237517,433887924.37430930
2021-04-01,1.00226594,1.00259513,0.99750465,0.99750465,338930982.13305283
2021-03-31,1.00218952,1.00374523,0.98327885,1.00226594,230143141.95043591
2021-03-30,1.00314219,1.00414201,0.99658336,1.00218952,282726777.01596618
2021-03-29,1.00253026,1.00554373,0.99792691,1.00314219,227375621.20109686
2021-03-28,1.00238541,1.00380140,0.99805260,1.00253026,289424042.80190355
2021-03-27,1.00376733,1.00451313,0.99970371,1.00238541,201196566.42571440
2021-03-26,1.00614872,1.00614872,0.99933294,1.00376733,258194689.81825224
2021-03-25,0.99928346,1.00614872,0.99442998,1.00614872,366777619.47808886
2021-03-24,0.99935773,1.00634591,0.99774843,0.99928346,267452454.49610180
2021-03-23,1.00062714,1.00586110,0.99509842,0.99935773,333304327.54100031
2021-03-22,1.00164142,1.00730009,0.99652996,1.00062714,219712079.00870046
2021-03-21,1.00173203,1.00678124,0.99610438,1.00164142,203777690.76680213
2021-03-20,1.00166215,1.00778732,0.99774481,1.00423659,198733649.10677290
2021-03-19,1.00421106,1.00694334,1.00152375,1.00166215,202505633.54245967
2021-03-18,1.00387485,1.01394751,1.00029068,1.00421106,269273949.86065555
2021-03-17,1.01214834,1.02655488,0.99938165,1.00387485,341844151.25968218
2021-03-16,1.00240118,1.01214834,0.99955954,1.01214834,424366093.69500506
2021-03-15,1.00514688,1.00607144,0.99859067,1.00240118,295739791.56319880
2021-03-14,1.00488364,1.00709222,0.99907011,1.00514688,308361482.81480378
2021-03-13,1.00480359,1.00869722,1.00010946,1.00488364,332184158.43838465
2021-03-12,1.00459332,1.00808789,0.99834620,1.00480359,356954022.78008115
2021-03-11,0.99934335,1.00459332,0.99730306,1.00459332,342393358.31255907
2021-03-10,1.00409923,1.00432185,0.99577173,0.99934335,363662521.96649629
2021-03-09,1.00233091,1.00679665,0.99751481,1.00409923,491048044.07829165
2021-03-08,1.00345334,1.00525675,0.99823636,1.00233091,452753055.24595910
2021-03-07,1.00261022,1.00899690,0.99693131,1.00345334,412069323.89522392
2021-03-06,1.00129973,1.00974442,1.00091364,1.00261022,350718111.25020319
2021-03-05,1.00452254,1.01110219,0.99864609,1.00129973,495188466.67519134
2021-03-04,0.99729380,1.01122759,0.99729380,1.00452254,506113505.93486392
2021-03-03,1.00661348,1.00661348,0.99698233,0.99729380,477839680.75146389
2021-03-02,1.00534547,1.00661348,0.99839534,1.00661348,581220662.53656816
2021-03-01,1.00345596,1.00818185,0.99777294,1.00534547,830805398.20642614
2021-02-28,1.00313714,1.01248159,1.00084290,1.00345596,585905022.25335062
2021-02-27,1.00529356,1.00854129,0.99775153,1.00313714,490593944.86780334
2021-02-26,1.00148482,1.01582384,0.99786703,1.00529356,685690022.69990015
2021-02-25,1.00665655,1.00824477,0.99594979,1.00148482,596722875.41772127
2021-02-24,1.00269164,1.00900878,0.99774075,1.00665655,1212149394.26772642
2021-02-23,1.00368347,1.03231382,0.99452801,1.00269164,1463990649.33036137
2021-02-22,1.00422334,1.00863832,0.99556535,1.00368347,581834874.93636119
2021-02-21,1.00232210,1.01059321,1.00084796,1.00422334,429364748.56695610
2021-02-20,1.00472061,1.00994038,0.99607104,1.00232210,411798299.95925272
2021-02-19,1.00130871,1.00899432,0.99882350,1.00472061,343401515.70623207
2021-02-18,1.00223242,1.00419561,0.99718991,1.00130871,384008906.60682642
2021-02-17,1.00178653,1.00540839,0.99838266,1.00223242,504410013.61903954
2021-02-16,1.00025340,1.00226801,0.99775334,1.00178653,474226923.75512266
2021-02-15,0.99829794,1.00374921,0.99778816,1.00025340,495781399.71282208
2021-02-14,0.99965685,1.00770899,0.99643183,0.99829794,338214837.09450310
2021-02-13,0.99997610,1.00310058,0.99770867,0.99965685,340391072.33695960
2021-02-12,1.00003897,1.00181888,0.99675402,0.99997610,384619918.51548791
2021-02-11,1.00030773,1.00323369,0.99379331,1.00003897,419778606.20920819
2021-02-10,1.00004665,1.00266529,0.99609956,1.00030773,476988876.66021734
2021-02-09,1.01382078,1.01382078,0.99493760,0.99728433,740337945.95372880
2021-02-08,1.00059519,1.01382078,0.99229098,1.01382078,519085729.31637931
2021-02-07,0.99381094,1.00196774,0.99381094,1.00059519,387547957.34056509
2021-02-06,1.00303723,1.00450483,0.99381094,0.99381094,370817984.73467368
2021-02-05,0.99464839,1.00439738,0.99464839,1.00303723,386687542.91087431
2021-02-04,1.00060669,1.00358424,0.99464839,0.99464839,447467723.94352913
2021-02-03,1.00057901,1.00448496,0.99389741,1.00060669,427618204.36353004
2021-02-02,0.99790370,1.01045812,0.99535148,1.00057901,345953455.97886199
2021-02-01,1.00005782,1.00251372,0.99438518,0.99790370,359376375.03077263
2021-01-31,0.99364791,1.00196042,0.99364791,1.00005782,247344601.78293535
2021-01-30,1.00233639,1.00273633,0.99364791,0.99364791,414321766.52099991
2021-01-29,1.00330178,1.00330178,0.98940873,1.00233639,399582512.98892444
2021-01-28,1.00264100,1.00435631,0.99502523,1.00330178,409721379.99337918
2021-01-27,0.99814041,1.01149818,0.99722193,1.00264100,397481088.98041892
2021-01-26,1.00178885,1.00501465,0.99814041,0.99814041,442265365.85176766
2021-01-25,1.00092493,1.00417084,0.99672205,1.00178885,438874122.43286246
2021-01-24,0.99882922,1.00341559,0.99725538,1.00092493,607996256.11432946
2021-01-23,0.99942907,1.00337749,0.99737147,0.99882922,510308935.22351879
2021-01-22,0.99831226,1.00636907,0.99798644,1.00116242,758606193.12935948
2021-01-21,1.00034467,1.00735242,0.99745807,1.00226660,501759591.40954304
2021-01-20,0.99915239,1.00229360,0.99513132,0.99816252,539498060.84252334
2021-01-19,1.00143962,1.01340733,0.99211843,0.99915239,349474172.72141474
2021-01-18,0.99383108,1.01102557,0.99060478,1.00507497,248807592.36237565
2021-01-17,0.99793815,1.01243994,0.98926991,0.99395278,291656423.90037811
2021-01-16,1.00063365,1.01745414,0.99010555,1.00057733,560117132.29472804
2021-01-15,1.00731052,1.01546680,0.96626102,0.99908287,392864346.72811890
2021-01-14,1.00227219,1.01186872,0.99311560,1.00786628,403991481.71473408
2021-01-13,1.00445941,1.01196661,0.98961466,1.00110725,393523453.83143336
2021-01-12,1.00532911,1.01388898,0.98613454,1.00223256,681785330.11337316
2021-01-11,0.99713673,1.02708449,0.95668951,1.00609040,868466619.73680103
2021-01-10,0.99716944,1.01799496,0.97433836,0.99766130,382902541.51870775
2021-01-09,1.00100882,1.01504585,0.98805099,1.00026968,518428373.40404785
2021-01-08,1.00541511,1.01807569,0.98203922,0.99987857,569670071.01040864
2021-01-07,1.00473076,1.01399116,0.97375505,1.00568621,444203551.38469177
2021-01-06,1.00197446,1.01908162,0.98460296,1.00878777,440105284.58752829
2021-01-05,1.01250916,1.02312727,0.98258509,1.00564303,620591888.70213997
2021-01-04,0.99947474,1.02678720,0.96890980,1.01176300,920097775.09518862
2021-01-03,0.99774476,1.02266994,0.98881328,0.99340439,825341736.97976232
2021-01-02,1.00434742,1.01338596,0.98823594,0.99771993,592931372.28899300
2021-01-01,1.01082085,1.01685671,0.99742707,1.00408300,324932812.63776749
2020-12-31,1.00407827,1.01697502,0.99710642,1.01195736,335919392.01513290
2020-12-30,0.99954818,1.00989028,0.99298273,1.00464343,308473549.90170193
2020-12-29,1.00176443,1.01054241,0.99177644,1.00294575,269731176.73555505
2020-12-28,0.99635479,1.01395079,0.99186744,1.00280767,318067654.58672476
2020-12-27,1.00098992,1.01399969,0.98809000,0.99512466,316577868.92770374
2020-12-26,1.00088408,1.00858996,0.98958415,1.00098992,190820786.94232124
2020-12-25,1.00013672,1.00572112,0.98670616,1.00077236,209078240.34997976
2020-12-24,0.99725558,1.00851196,0.99191792,1.00178108,285550893.10013968
2020-12-23,1.00267560,1.00879109,0.97703243,0.99828779,201812686.96086878
2020-12-22,0.99547936,1.00574299,0.99079310,1.00223292,187554177.79435077
2020-12-21,0.99937424,1.00330101,0.98718496,0.99532632,188241060.46687838
2020-12-20,1.00029435,1.00326133,0.99077512,1.00179910,207098855.37071669
2020-12-19,1.00429339,1.00699484,0.99321329,1.00029435,171457259.53614303
2020-12-18,0.99995002,1.01179986,0.99020756,1.00560028,343229286.41730046
2020-12-17,1.00351425,1.00900322,0.98461114,1.00415235,249399969.57513016
2020-12-16,1.00133225,1.01287884,0.99297307,1.00508775,141694965.38762701
2020-12-15,0.99990544,1.00561936,0.99099457,1.00076448,121481512.33842996
2020-12-14,0.99987783,1.00406312,0.98794746,0.99990544,114027549.18379205
2020-12-13,0.99906389,1.01147049,0.98873535,0.99987783,114369824.12314866
2020-12-12,0.99902475,1.00806533,0.99011588,0.99900493,156098892.39616713
2020-12-11,1.00026484,1.00682854,0.99175084,1.00005739,155465384.26364595
2020-12-10,1.00038909,1.00788086,0.98918740,1.00186022,155753623.87709019
2020-12-09,1.00590363,1.00839600,0.99321658,1.00038909,188654134.44029069
2020-12-08,1.00419746,1.00889902,0.99480842,1.00561512,139732687.82189643
2020-12-07,1.00537015,1.00654084,0.99557363,1.00474583,153917944.50789067
2020-12-06,1.00517562,1.01114086,0.99343342,1.00468736,145816909.34427831
2020-12-05,1.00013535,1.00877463,0.99719452,1.00456076,168178842.94827533
2020-12-04,1.00085969,1.00707737,0.99400081,1.00234488,143081209.66299322
2020-12-03,1.00248155,1.00801414,0.99687382,1.00173001,142276332.74991429
2020-12-02,1.00174818,1.01033332,0.99481568,1.00248567,184425816.95844811
2020-12-01,1.00735927,1.01696118,0.98395160,1.00493580,281698622.59124607
2020-11-30,1.00196543,1.01310678,0.99508181,1.00768006,174215359.52144000
2020-11-29,1.00091534,1.00641928,0.99199522,1.00231479,99831076.81214282
2020-11-28,1.00376032,1.00675490,0.99528925,0.99865521,143439611.84411070
2020-11-27,1.00515927,1.01259759,0.98917167,1.00165497,392482697.30676478
2020-11-26,1.00115756,1.02463416,0.97609123,1.00316980,483070650.21478730
2020-11-25,0.99924106,1.00504345,0.98927841,1.00390846,177152827.74254069
2020-11-24,1.00106342,1.00705791,0.98394638,0.99831433,203730790.70223799
2020-11-23,0.99318366,1.00954952,0.98645051,1.00221186,176459699.05320334
2020-11-22,1.00882343,1.01285842,0.98834986,0.99329978,183010015.38150460
2020-11-21,1.00477530,1.01737287,0.99664072,1.01036436,170742197.48425567
2020-11-20,1.00338526,1.01574224,0.99752492,1.00371743,142174667.82463533
2020-11-19,1.00681090,1.01605488,0.99181442,1.00274390,143643575.87087539
2020-11-18,1.00436129,1.01332406,0.98225177,1.00780733,208534158.85588568
2020-11-17,1.00640376,1.01395451,0.99841400,1.00637074,185098299.11777470
2020-11-16,1.00618652,1.01470032,1.00090340,1.00624565,115870190.57960016
2020-11-15,1.00372484,1.00933305,0.99565894,1.00603424,319067745.34798366
2020-11-14,1.00680046,1.01461572,0.99331098,1.00552134,234718278.20366749
2020-11-13,1.00460698,1.01610560,1.00119659,1.00680046,117537148.21286783
2020-11-12,1.00704044,1.01285020,0.99912857,1.00460698,107476952.88154143
2020-11-11,1.00594444,1.01602843,1.00405137,1.00716297,143832628.09935194
2020-11-10,1.00724769,1.01366795,1.00125416,1.00594444,118401689.67897500
2020-11-09,1.00894056,1.01432684,0.99461863,1.00780962,165347269.19811755
2020-11-08,1.00657213,1.02376481,1.00363334,1.00948529,126382693.91658878
2020-11-07,1.01111766,1.01938580,0.99029876,1.00657213,134266311.47460687
2020-11-06,1.00928866,1.02012063,1.00440014,1.01097075,138788757.49329939
2020-11-05,1.00957832,1.02029526,0.99835141,1.00861921,120604322.22332914
2020-11-04,1.01048772,1.02016318,0.99819370,1.00851253,97478017.94264144
2020-11-03,1.00428700,1.01857603,0.99632301,1.00994933,96454517.66309765
2020-11-02,1.01002979,1.01530773,0.99115103,1.00479248,78755187.91357042
2020-11-01,1.00763124,1.01306140,0.99647800,1.00895166,65980457.85113796
2020-10-31,1.00958765,1.01871413,1.00485645,1.00666589,69917120.88156098
2020-10-30,1.00681074,1.01911452,0.99134260,1.01065309,134079668.35703669
2020-10-29,1.00561232,1.01080184,0.99276534,1.00638365,118515077.91232590
2020-10-28,1.00800684,1.01363970,0.99479460,1.00665765,89960645.43080232
2020-10-27,1.00509883,1.01591202,1.00199170,1.00835885,98343831.21694589
2020-10-26,1.00736902,1.01211437,0.99645096,1.00575502,83987376.98683497
2020-10-25,1.00677680,1.00957181,0.99583685,1.00736902,59791918.53677668
2020-10-24,1.00801272,1.00873142,0.99999849,1.00677680,84226422.25521097
2020-10-23,1.00655319,1.00990090,0.99650564,1.00801272,144901869.35968614
2020-10-22,1.00799843,1.01585466,1.00380882,1.00465395,225286000.12422061
2020-10-21,1.00875413,1.01678075,1.00342220,1.00799843,89426608.66109516
2020-10-20,1.00962909,1.01352824,1.00449744,1.00876509,58168371.07951762
2020-10-19,1.01112324,1.01722512,1.00630679,1.00986247,51531758.53674509
2020-10-18,1.00958074,1.01597199,1.00829985,1.01095362,46706237.36558498
2020-10-17,1.01004168,1.01748799,1.00687755,1.00997767,58675068.04630769
2020-10-16,1.00843980,1.01843887,1.00212162,1.01004168,66616030.99566167
2020-10-15,1.01051558,1.01329058,1.00540232,1.00792604,65731570.45109955
2020-10-14,1.01076191,1.01491470,1.00389602,1.01026707,62122089.40032049
2020-10-13,1.00869682,1.01627434,1.00472104,1.01065411,65321992.96628086
2020-10-12,1.01116572,1.02339301,1.00307382,1.01030080,52515922.74655724
2020-10-11,1.01012076,1.01516737,1.00703195,1.01116572,65826265.41041759
2020-10-10,1.01106223,1.01660507,1.00677050,1.00882866,139087195.89059338
2020-10-09,1.01018423,1.01784140,1.00570032,1.01044209,63549632.17055862
2020-10-08,1.01137154,1.02521921,1.00656059,1.00967775,39980739.21626757
2020-10-07,1.01298181,1.01575456,1.00595592,1.01008822,49175943.31318195
2020-10-06,1.01129958,1.01671353,1.00128785,1.01242817,38229689.30531961
2020-10-05,1.01082472,1.01416096,1.00634669,1.01130478,36502421.62107799
2020-10-04,1.00624805,1.01535304,1.00610434,1.01031496,30834903.88477306
2020-10-03,1.01160139,1.01556926,1.00569846,1.00580000,35276279.44584483
2020-10-02,1.01351961,1.02055544,0.99937245,1.01220891,61820650.36773813
2020-10-01,1.01005850,1.01874272,0.99615327,1.01158481,45119675.92018414
2020-09-30,1.01388778,1.01414795,1.00607798,1.00995699,45286247.91113705
2020-09-29,1.00945580,1.01823074,1.00315618,1.01325898,150768140.28270668
2020-09-28,1.01552837,1.01794443,1.00634547,1.01053760,53452104.24575852
2020-09-27,1.01123780,1.01735397,1.00510450,1.01522418,73840124.79261287
2020-09-26,1.01076929,1.01573928,1.00709545,1.01249290,87339059.69557193
2020-09-25,1.00911341,1.01807532,1.00540730,1.00955218,79873352.41633989
2020-09-24,1.00768355,1.02381264,1.00478600,1.00911551,130163002.39766245
2020-09-23,1.00943968,1.01452877,0.99690915,1.00762678,85494481.80452336
2020-09-22,1.00218195,1.01537690,0.99986938,1.00936308,97895291.13942516
2020-09-21,1.01194410,1.01674464,0.99918200,1.00267370,98188922.15511203
2020-09-20,1.01106712,1.01494742,1.00226077,1.01201892,129117022.32221432
2020-09-19,1.02186968,1.02186968,1.00754878,1.01074729,140498203.67945266
2020-09-18,1.01611410,1.02619880,1.00569798,1.02069844,127287857.66390893
2020-09-17,1.01455874,1.02419540,1.00665808,1.01734042,3446227175.72549343
2020-09-16,1.01584429,1.02704360,1.00835582,1.01452712,135487918.12860236
2020-09-15,1.03778667,1.04387611,1.01374719,1.01519092,217385005.64585760
2020-09-14,1.01892214,1.05263750,1.00794220,1.03681727,131536454.78177929
2020-09-13,1.02675516,1.03233745,1.00794043,1.01975725,70519261.92912357
2020-09-12,1.03421567,1.03539114,1.02207874,1.02680871,66030873.96339309
2020-09-11,1.03356223,1.04175784,1.01953891,1.03260425,83019344.38456081
2020-09-10,1.02700395,1.03645663,1.02033315,1.03287627,91171606.06815122
2020-09-09,1.02753132,1.03436748,1.01368305,1.02808276,83433688.48966154
2020-09-08,1.03048612,1.03770216,1.00708618,1.02701130,89589862.61549936
2020-09-07,1.01757581,1.03680827,1.00712045,1.02748660,96182289.67798947
2020-09-06,1.02273173,1.03311090,1.00523727,1.01845484,189531457.16826466
2020-09-05,1.01608594,1.03652591,0.98480925,1.01088399,167281470.60232884
2020-09-04,1.00023686,1.02541302,0.99280985,1.01773080,147745617.72766688
2020-09-03,0.99820207,1.01062245,0.98270983,1.00496655,120908087.99392706
2020-09-02,1.01569198,1.02466577,0.98143075,0.99921337,121346241.19912390
2020-09-01,1.00848455,1.02640799,1.00275356,1.01694242,98464011.33091165
2020-08-31,1.01508687,1.02104485,1.00290639,1.00922884,71311648.92486379
2020-08-30,1.00461210,1.02043757,1.00461210,1.01504043,68606601.04811570
2020-08-29,1.01169752,1.01989777,1.00578474,1.00614992,65977094.35929278
2020-08-28,1.01334397,1.01872537,1.00445786,1.01114594,57552117.16908137
2020-08-27,1.00878505,1.02332238,1.00227835,1.01172401,59202036.55509394
2020-08-26,1.00980399,1.01946787,1.00227001,1.00776248,69276659.98423661
2020-08-25,1.01375687,1.01642775,0.99318995,1.01144132,82174736.64195232
2020-08-24,0.99987403,1.02041121,0.99343075,1.01298769,61312401.55840156
2020-08-23,1.00434461,1.01580447,0.99717629,1.00052087,52348443.20606686
2020-08-22,1.00155096,1.01409708,0.99399113,1.00430202,65151515.60340407
2020-08-21,1.00704244,1.01658588,0.99597392,1.00329910,66048903.43462957
2020-08-20,1.00707514,1.01484641,0.98189213,1.00809540,74718906.13579077
2020-08-19,1.00452759,1.01790341,0.99473961,1.00327145,70372818.67786077
2020-08-18,1.00771070,1.01773359,1.00224893,1.00299277,66726458.68155558
2020-08-17,1.01461789,1.02268383,1.00320975,1.00809428,63336336.68955888
2020-08-16,1.01023015,1.02228968,1.00235993,1.01455486,53131768.34073392
2020-08-15,1.00625785,1.01937418,1.00367198,1.01298269,71762934.34603974
2020-08-14,1.01812547,1.02053285,0.99117876,1.00510664,97471641.55993333
2020-08-13,1.01244029,1.02199029,0.99975459,1.01919811,45883709.63992853
2020-08-12,1.00970437,1.02008084,0.99482007,1.01288165,48600079.94085607
2020-08-11,1.01303658,1.02268705,0.99797810,1.00945646,46482553.91185885
2020-08-10,1.01824032,1.02047802,1.00684074,1.01155066,24340804.71189053
2020-08-09,1.02246492,1.02310531,1.01166243,1.01775663,14106336.36003560
2020-08-08,1.01724485,1.02264881,1.01193154,1.02264881,17350075.38540041
2020-08-07,1.01483316,1.02130496,1.01182438,1.01724485,14381400.96416495
2020-08-06,1.01502695,1.01827608,1.01228466,1.01625411,16316250.34277519
2020-08-05,1.01460409,1.01889695,1.01103020,1.01508631,13395914.12003135
2020-08-04,1.01369948,1.01953079,1.00842962,1.01460409,19181364.12387455
2020-08-03,1.02105571,1.03391081,1.00801954,1.01828504,22308533.16791539
2020-08-02,1.01903137,1.06606261,0.98249768,1.01871905,42919830.06917531
2020-08-01,1.02157077,1.02616626,1.00898123,1.01912925,29510600.62137925
2020-07-31,1.02999233,1.03314125,1.01459048,1.02043620,27144542.62127467
2020-07-30,1.03093019,1.03663506,1.02530398,1.02999233,21674052.59140861
2020-07-29,1.01986728,1.03592492,1.01774932,1.03034021,17824284.27355025
2020-07-28,1.01614330,1.02763461,1.00798076,1.01986728,36093639.69165475
2020-07-27,1.01027736,1.02358117,1.00111346,1.01384865,39215334.96896586
2020-07-26,1.00869842,1.02385589,1.00003110,1.00944937,47812827.34759239
2020-07-25,1.02610260,1.03448589,1.00307012,1.00702609,45275339.65343727
2020-07-24,1.02704157,1.03501951,1.01628643,1.02678304,39779894.33873580
2020-07-23,1.02477190,1.03689001,1.01433157,1.02632510,35889807.34876069
2020-07-22,1.01592752,1.03788403,1.00709799,1.02570187,26632602.79340310
2020-07-21,1.01349431,1.02540416,1.01045897,1.01678023,29592100.76078903
2020-07-20,1.00996305,1.02798697,1.00727406,1.01402405,30231921.36591738
2020-07-19,1.01490566,1.02187112,1.00533880,1.00940127,24559764.92147137
2020-07-18,1.01590950,1.02391615,1.01201208,1.01490566,19308333.41326936
2020-07-17,1.01947684,1.02889543,1.00947192,1.01590950,20461291.78543628
2020-07-16,1.01500604,1.02610966,1.00587267,1.02001131,21592827.87114189
2020-07-15,1.01939145,1.02167171,1.00372443,1.01633618,20405036.59347082
2020-07-14,1.02291409,1.02763539,1.00880781,1.01939145,24657484.30077389
2020-07-13,1.02525591,1.02828035,1.01337876,1.02346695,25006182.84394078
2020-07-12,1.01824113,1.02784660,1.00645004,1.02384561,20705591.50209308
2020-07-11,1.02251487,1.02653194,1.00839995,1.01675927,22109916.11023893
2020-07-10,1.02231173,1.02673383,1.00874144,1.02259616,26927191.84827276
2020-07-09,1.01780591,1.02641541,1.00365417,1.02231173,27734087.66368257
2020-07-08,1.01134136,1.02204848,1.01038750,1.01667468,13127293.06988595
2020-07-07,1.01431253,1.01818831,1.01031330,1.01187044,10004595.40660356
2020-07-06,1.01248058,1.01881627,1.01147630,1.01558829,9084980.24028072
2020-07-05,1.01401272,1.02130911,1.00986686,1.01396436,8429768.51928383
2020-07-04,1.01399605,1.01910118,1.01284401,1.01399430,13938764.55053069
2020-07-03,1.01021268,1.02538763,1.00916246,1.01281438,28282097.38727712
2020-07-02,1.01051807,1.02242278,1.00347793,1.01021268,21423639.60126973
2020-07-01,1.01332271,1.02409158,1.01053266,1.01054962,22119404.89385008
2020-06-30,1.00622630,1.01604789,1.00149881,1.01517013,18253671.10013047
2020-06-29,1.00766903,1.02198460,1.00173999,1.00733480,20107823.32740114
2020-06-28,1.01438884,1.02264679,1.00313009,1.00714119,22299554.46232262
2020-06-27,1.01208089,1.02077718,1.00290152,1.01441008,19283671.06586759
2020-06-26,1.00875945,1.02438246,1.00073298,1.01259437,20308391.58017684
2020-06-25,1.01563894,1.02286047,1.00326737,1.00928606,22949452.89281646
2020-06-24,1.01193333,1.02248546,1.00165815,1.01455154,21921969.01620320
2020-06-23,1.01391318,1.02088747,1.00398318,1.01103793,19772680.56921266
2020-06-22,1.00630331,1.02555269,1.00446790,1.01443513,17254879.69574693
2020-06-21,1.01367230,1.02875359,1.00544451,1.00605331,16399325.77167944
2020-06-20,1.01254488,1.02432831,1.00704166,1.01367230,20014184.52189874
2020-06-19,1.01725588,1.02275490,1.00568693,1.01086119,20849251.25069059
2020-06-18,1.01796983,1.01980074,1.00277226,1.01725588,18788182.49943497
2020-06-17,1.01633648,1.02370732,1.00492296,1.01799601,18690893.90133440
2020-06-16,1.01201203,1.02347624,1.00353753,1.01690526,22114870.94214416
2020-06-15,1.01644529,1.02833819,1.00679951,1.01201203,35070632.57115455
2020-06-14,1.01540574,1.02039840,1.00047354,1.01708579,19584355.65691119
2020-06-13,1.01355681,1.02483559,1.00022467,1.01416091,17029964.22331138
2020-06-12,1.00848237,1.02222504,1.00036444,1.01086126,31453438.62353133
2020-06-11,1.00225459,1.01589894,1.00015048,1.01024772,13254030.36458059
2020-06-10,1.00890783,1.01824919,1.00024677,1.00174357,17587097.14517771
2020-06-09,1.01248593,1.04633987,0.98895116,1.00834233,24776642.05123096
2020-06-08,1.01236074,1.01369624,0.99978424,1.01191638,24691992.51607810
2020-06-07,1.01082933,1.02253239,0.99901297,1.01085389,23376353.66874014
2020-06-06,1.00332365,1.02073063,1.00037034,1.01121182,25770365.79875083
2020-06-05,1.01110903,1.02493573,1.00152196,1.00489065,21635105.94060149
2020-06-04,1.01571615,1.02427491,1.00147425,1.01229746,21115842.22805246
2020-06-03,1.01218165,1.02321968,1.00077908,1.01512553,31758289.43277512
2020-06-02,1.01431462,1.02399769,1.00105515,1.00940925,32999494.93948068
2020-06-01,1.01122744,1.02599584,1.00145277,1.01530614,21221115.70509398
2020-05-31,1.01147026,1.02374220,1.00040622,1.01218027,24864563.50230210
2020-05-30,1.00696501,1.02243991,0.99972658,1.01122688,26683382.38347538
2020-05-29,1.01284973,1.01740275,0.99983412,1.00711203,27351510.72027984
2020-05-28,1.01179317,1.02040465,1.00280645,1.01166418,34081927.97907577
2020-05-27,1.00762180,1.02546513,1.00359004,1.00804974,43194694.33726023
2020-05-26,1.00768242,1.01082936,1.00184848,1.00994021,41438632.89394233
2020-05-25,0.99876840,1.02256349,0.99876840,1.00831452,28094077.04403485
2020-05-24,1.00446853,1.02164773,0.99889272,1.00202086,19609648.01933200
2020-05-23,1.00602625,1.01814762,0.99221792,1.00591604,21116606.08217764
2020-05-22,1.00762568,1.02458100,1.00057555,1.00368552,23913282.49734757
2020-05-21,1.00852721,1.01814548,0.99121733,1.00949102,22379895.44542688
2020-05-20,1.00957553,1.01677916,0.98722123,1.00806050,19645884.92500738
2020-05-19,1.00294622,1.01755414,0.98260326,1.00867172,22053809.77591052
2020-05-18,1.00044366,1.01819316,0.98480216,1.00314212,24507464.53300156
2020-05-17,1.00483141,1.01813220,0.97686437,0.99888983,19584413.40301434
2020-05-16,0.99907103,1.02554127,0.99205540,1.00517503,22025656.87232785
2020-05-15,1.01026168,1.02484520,0.98969458,0.99587417,24999708.84853195
2020-05-14,1.00876916,1.02294448,0.99117514,1.01154848,27019037.72942863
2020-05-13,1.01114102,1.02024310,0.97852640,1.01015294,21740346.54075059
2020-05-12,1.00834714,1.02397444,1.00011677,1.00923193,27023591.03989748
2020-05-11,1.00730232,1.02525772,0.98516386,1.00870613,30386799.68262176
2020-05-10,0.99538765,1.02081782,0.97909333,1.00742090,38589681.39562453
2020-05-09,1.00104262,1.02308681,0.99377220,0.99717336,24783716.82263840
2020-05-08,1.00797998,1.01976986,0.98511055,1.00094584,27830912.08989665
2020-05-07,0.99298487,1.02424020,0.98803335,1.01104189,22544564.54823538
2020-05-06,1.00433944,1.02553200,0.98574889,0.98574889,19368001.64238106
2020-05-05,1.01041051,1.02161120,0.98397938,1.00208122,22768276.64589081
2020-05-04,1.00865015,1.02858347,0.98303270,1.01190299,26411398.41531918
2020-05-03,1.01767935,1.02534874,0.97849314,1.00727803,21781181.88708446
2020-05-02,0.99679421,1.01894489,0.98548394,1.01656805,18676400.91782524
2020-05-01,1.00518918,1.02781979,0.98151358,0.99708021,27093415.12478434
2020-04-30,1.00784942,1.02467795,0.98548810,1.00349581,35492428.84929572
2020-04-29,1.02188680,1.02720714,1.00041788,1.00703123,25360562.69871721
2020-04-28,1.02002280,1.02525476,0.99932194,1.02396557,19998315.43505840
2020-04-27,1.01984218,1.02352281,0.99664297,1.02046775,22385431.81870617
2020-04-26,1.01486736,1.02777634,0.99556077,1.01820931,19218144.80055574
2020-04-25,1.01534726,1.02771437,0.99876343,1.01498421,16776145.19096912
2020-04-24,1.01255016,1.02661932,1.00077838,1.01534726,24431138.00307404
2020-04-23,1.01468124,1.02577866,0.99576075,1.00940074,20432472.27111558
2020-04-22,1.00618257,1.02661970,0.99604282,1.01348035,18567213.58901209
2020-04-21,1.01543927,1.02751526,0.99741900,1.00587158,23125606.90710589
2020-04-20,1.00398478,1.02767059,0.99600660,1.01573835,23352921.05684634
2020-04-19,1.01371490,1.02479648,0.99784547,1.00472353,27063355.69309581
2020-04-18,1.00179790,1.02553821,0.99707409,1.01282637,18659343.25066075
2020-04-17,1.00921913,1.02554807,1.00154636,1.00154636,23704614.38062046
2020-04-16,0.98739547,1.03075046,0.98240072,1.00689205,22287271.43405774
2020-04-15,1.01008734,1.02678942,0.98024043,0.99051363,18236188.09782373
2020-04-14,1.01154040,1.02779253,0.99972204,1.00750008,19270856.98961495
2020-04-13,0.99574627,1.02624147,0.98567936,1.01051176,23367626.70257447
2020-04-12,1.02190076,1.02779536,0.99958482,0.99958482,23372888.15957999
2020-04-11,1.01520336,1.02699201,0.98748734,1.01803296,20448345.54604258
2020-04-10,1.00591622,1.02475943,0.97899894,1.01180188,22088150.63111325
2020-04-09,1.02006247,1.02503534,0.99444687,1.00891489,19534470.57034078
2020-04-08,1.02982034,1.02982034,0.99241961,1.01908407,34409041.75813770
2020-04-07,1.01869288,1.03017497,0.98408463,1.02901827,31143479.41962588
2020-04-06,1.01736238,1.02532975,0.99952788,1.01630578,21145259.47847416
2020-04-05,1.00614697,1.01739603,0.99335400,1.01736238,17472961.03310862
2020-04-04,1.01155088,1.02323429,0.98422142,1.00580836,19610144.50243228
2020-04-03,1.00620397,1.02490513,0.98994088,1.01067677,31877063.15839165
2020-04-02,1.00992020,1.02755678,0.99674181,1.00663180,25617784.19125878
2020-04-01,0.99165118,1.02465065,0.97891246,1.00983225,17912213.31857267
2020-03-31,1.00286302,1.01833846,0.98137342,0.99653906,20013175.61706568
2020-03-30,0.99481611,1.02666707,0.99481611,1.00581325,21445880.29543003
2020-03-29,1.00985030,1.02022269,0.97849145,0.99789645,19680393.24833150
2020-03-28,1.02496520,1.03268096,1.00159419,1.01094848,13640002.35188103
2020-03-27,1.01040554,1.02492468,0.99475478,1.02090357,18194831.63881861
2020-03-26,1.01548696,1.02509674,0.98237908,1.00984490,17789898.91982903
2020-03-25,1.01698805,1.02356760,0.97954127,1.01540228,21932447.41305048
2020-03-24,1.02679498,1.02803020,0.98116315,1.01717004,28470733.10375898
2020-03-23,0.99503573,1.03119576,0.98168999,1.02634253,29129145.86072958
2020-03-22,0.99438702,1.03156871,0.97735336,0.99602802,26987979.19141759
2020-03-21,1.01990037,1.02837922,0.98393133,0.99026929,36174598.74804863
2020-03-20,0.99492058,1.03242306,0.98481938,1.01728417,33777124.43481032
2020-03-19,1.02346185,1.02943709,0.99360521,0.99360521,25526018.53829118
2020-03-18,1.00176461,1.02612293,0.98572987,1.02304276,27108538.48710214
2020-03-17,1.01839065,1.03059001,0.99398594,1.00714075,35156798.06695331
2020-03-16,1.01245445,1.06911337,0.99359395,1.01992120,33373507.67482661
2020-03-15,1.01344580,1.05031070,0.99447870,1.01317411,29384317.89714903
2020-03-14,1.00737700,1.03267438,0.98234331,1.01152801,36998659.95208725
2020-03-13,1.03976638,1.05684420,0.99120656,1.00100331,62978521.51558150
2020-03-12,1.01550940,1.05499375,0.98822284,1.03455864,41858512.86226176
2020-03-11,1.00452626,1.02168768,0.97786588,1.01737112,23100495.90146308
2020-03-10,1.01778620,1.02456998,0.97940176,1.00482581,30745515.01256591
2020-03-09,0.99548870,1.02322058,0.97961319,1.01939942,33441458.68889461
2020-03-08,0.98913015,1.01969265,0.97942418,0.99398532,23324764.37335086
2020-03-07,1.01465376,1.01570723,0.98857202,0.98857202,20637120.47294553
2020-03-06,1.00095478,1.02258291,0.98541820,1.01297851,22619628.50869143
2020-03-05,1.00083958,1.02629418,0.99133560,0.99584335,18103308.58582521
2020-03-04,1.00209053,1.01630106,0.97479840,0.99983066,17401017.26069615
2020-03-03,1.00648864,1.01046948,0.97745930,1.00462137,25322019.06809365
2020-03-02,1.00881318,1.02533025,0.99725663,1.00265848,28752518.58539630
2020-03-01,0.98571094,1.01557025,0.97086503,1.00956520,25873407.51619457
2020-02-29,1.00745671,1.02308277,0.97850818,0.98851865,26628128.11193625
2020-02-28,1.00659428,1.02554888,0.98052591,1.00007831,31583161.63229040
2020-02-27,0.98899663,1.02215335,0.98786231,0.99974535,37339702.93222051
2020-02-26,0.99340985,1.02588785,0.97829007,1.01082413,29741545.97552709
2020-02-25,1.01162382,1.06704840,0.97386567,1.00010412,22777504.07675891
2020-02-24,1.02035984,1.02227114,0.97788062,1.01605102,19307479.51347633
2020-02-23,1.00117219,1.01608907,0.99142545,1.01287859,4965305.44829151
2020-02-22,0.99968599,1.00708668,0.99848184,1.00029834,2768765.40997905
2020-02-21,0.99794792,1.00097587,0.99653286,1.00031510,3812840.15080639
2020-02-20,0.99970824,1.00151762,0.99710646,0.99794792,5982097.01921756
2020-02-19,0.99909592,1.02740743,0.99614001,1.00027328,4262136.14488383
2020-02-18,1.00810476,1.01858655,0.99413798,0.99844301,6115080.59004400
2020-02-17,1.00908839,1.01064963,0.99772778,1.00903586,7680508.52269889
2020-02-16,1.00926442,1.01508559,0.99781117,1.00788055,6855624.63381094
2020-02-15,0.99092074,1.01287773,0.97557003,1.00926442,19099996.95506038
2020-02-14,0.99147882,1.02627370,0.98551509,0.99016216,18645710.19332923
2020-02-13,1.00806311,1.01570018,0.97614528,0.99099399,36215946.71491783
2020-02-12,1.01184494,1.02667522,0.98415787,1.01182241,37864728.85201606
2020-02-11,1.00339558,1.02144525,0.98970296,1.01497043,29965459.77083968
2020-02-10,1.01732116,1.02020432,0.97859432,1.00469237,30681400.94544557
2020-02-09,1.00521317,1.01964642,0.98650918,1.01528949,33665757.49740677
2020-02-08,1.00960600,1.02212833,0.98737230,1.00745091,27468399.02618495
2020-02-07,1.01774562,1.01993095,0.98666718,1.00407196,29496997.73728956
2020-02-06,1.00871154,1.02522746,0.98938730,1.01707600,31190426.05791529
2020-02-05,1.00948668,1.02299084,0.99983187,1.00748586,29793759.06873092
2020-02-04,0.99782342,1.01281173,0.98095213,1.01013234,20791782.69367646
2020-02-03,0.99640264,1.02223448,0.97625637,1.00113494,16035721.20102014
2020-02-02,1.00446681,1.02890295,0.98305791,0.99834034,14459422.67505684
2020-02-01,1.01392488,1.02767684,0.97609217,1.00584826,15687926.91119362
2020-01-31,1.00862794,1.01916531,0.97697312,1.00548169,18623307.14379469
2020-01-30,0.98683626,1.02922096,0.98313889,1.01278354,16474117.95818291
2020-01-29,1.02003869,1.02438973,0.98519645,0.99032984,18125350.64164340
2020-01-28,0.99663628,1.02317475,0.97927377,1.02083301,18892768.66258223
2020-01-27,1.01831332,1.02772284,0.99395864,0.99563730,16337591.77640130
2020-01-26,0.98184397,1.02805360,0.98184397,1.01617755,12484338.40001974
2020-01-25,1.00059601,1.02172045,0.97973219,0.99278401,14101835.94101049
2020-01-24,1.00215544,1.02550454,0.97786187,0.99998843,16118652.86268360
2020-01-23,0.99429742,1.00748812,0.97447040,1.00040496,12867678.64615195
2020-01-22,1.00619639,1.01999660,0.98363666,0.99270811,12252164.26737112
2020-01-21,0.99651210,1.02091070,0.98497629,1.00861912,13384352.92663576
2020-01-20,1.02095675,1.02642381,0.97786774,0.99307264,16087129.05930934
2020-01-19,0.99977318,1.02097879,0.98060782,1.01635743,13771662.15658410
2020-01-18,0.98892605,1.02599275,0.97469596,1.01036869,15660474.94182274
2020-01-17,1.00153756,1.02716607,0.97306439,0.99661492,21684179.84171748
2020-01-16,1.00036651,1.02628869,0.97794170,0.99922004,19906738.47854874
2020-01-15,1.00034451,1.04047647,0.97531086,0.99702293,26764730.69398793
2020-01-14,0.98846088,1.02646624,0.98655691,1.00495997,17208886.94177827
2020-01-13,1.02143053,1.02143053,0.97337961,0.98939825,13770483.32975147
2020-01-12,0.98480207,1.02831936,0.97899659,1.01308290,15402895.59636569
2020-01-11,1.01679725,1.02686163,0.97671598,0.98214680,17534880.63415284
2020-01-10,0.99941662,1.02617940,0.97685824,1.01698375,15175916.98221769
2020-01-09,1.00296670,1.01426311,0.98229349,1.00210574,16556212.20597193
2020-01-08,1.01020311,1.02249133,0.97621280,1.00546394,18863384.73701632
2020-01-07,1.01957488,1.02303720,0.97442869,1.01231886,15324607.00729944
2020-01-06,0.98869727,1.02716776,0.98666662,1.02258337,14058133.16322461
2020-01-05,1.01631545,1.02729447,0.98306012,0.98744626,10832372.68165105
2020-01-04,1.01073208,1.02448807,1.00213959,1.01708646,11227958.82211129
2020-01-03,0.99258755,1.02627427,0.98392510,1.01075936,12706481.95896239
2020-01-02,0.99687498,0.99872375,0.97400780,0.99209402,8214858.39648012
2020-01-01,0.98860059,1.01006638,0.98600819,0.99674436,7518455.83684193
2019-12-31,0.99065105,0.99969655,0.97817728,0.99008424,8595520.56569616
2019-12-30,1.01050158,1.02147119,0.98084921,0.98993250,10429333.95739644
2019-12-29,1.00705477,1.02655632,1.00419657,1.00991612,7969842.25212630
2019-12-28,1.01234007,1.02590184,1.00488781,1.00759822,8417581.26638878
2019-12-27,0.98765844,1.02038579,0.98515611,1.01158952,11411341.41933773
2019-12-26,1.00566543,1.02404809,0.97958525,0.98714552,7368495.64680780
2019-12-25,1.00859849,1.01250910,0.98114405,1.00566543,8707253.05496250
2019-12-24,0.98333697,1.02184062,0.97678677,1.00480828,11527311.97521412
2019-12-23,1.01327923,1.01936863,0.97775919,0.98380193,11876168.67083908
2019-12-22,0.98856926,1.01328233,0.98548970,1.01101710,7823882.38731521
2019-12-21,0.99500735,0.99623010,0.97908896,0.98740294,11751760.19528682
2019-12-20,0.99874857,1.01775349,0.98853621,0.99474526,13161961.39743101
2019-12-19,0.99491609,1.00605435,0.97852047,0.99937658,17767683.41455146
2019-12-18,0.99937995,1.02510890,0.97988356,0.99559764,15022754.54951832
2019-12-17,1.01489670,1.01489670,0.98589618,0.99764207,13679033.12912393
2019-12-16,0.98964885,1.01647016,0.97719234,1.01647016,7151764.38709626
2019-12-15,0.98633135,1.00044351,0.97970986,0.99006250,6757829.56300239
2019-12-14,1.01379657,1.02401853,0.97608673,0.98856430,7166226.59951200
2019-12-13,1.00813650,1.02768974,1.00239344,1.01304877,9260386.14759828
2019-12-12,0.99423947,1.02025154,0.98077027,1.00917198,9911260.30948767
2019-12-11,0.99329619,1.00186291,0.97851665,0.99479660,8851521.63917035
2019-12-10,0.99792058,1.00007864,0.97620348,0.99385688,9187404.20365467
2019-12-09,1.00222967,1.00626825,0.98071214,0.99901659,8676747.92073623
2019-12-08,1.00663017,1.01845107,0.99608013,1.00281480,7584612.35906321
2019-12-07,1.01379562,1.02117568,0.99888326,1.00712487,8020296.02670359
2019-12-06,1.00783515,1.02124317,1.00091834,1.01268364,8895521.48011227
2019-12-05,0.98662266,1.01724880,0.98411059,1.00731276,11027349.99391446
2019-12-04,0.99693074,1.02393526,0.98154272,0.98840912,10846381.60222520
2019-12-03,0.99215212,1.01674367,0.98233978,0.99797122,9337690.51682057
2019-12-02,0.99755079,1.00800913,0.97499007,0.99364451,10405489.79054351
2019-12-01,0.99490991,1.02600088,0.97792924,1.00016072,10694593.59113701
2019-11-30,1.01052306,1.02029373,0.98131943,0.99449277,11365795.62008526
2019-11-29,0.99326629,1.02817884,0.99204020,1.00848294,13505213.94100063
2019-11-28,0.99676953,1.00561235,0.97759712,0.99292395,14522686.89939433
2019-11-27,1.01240374,1.02304877,0.97623808,0.99505428,13061719.25296242
2019-11-26,0.98926962,1.02113016,0.98525889,1.01515991,16608060.54729986
2019-11-25,0.98225750,1.02816105,0.97443565,0.99169430,18700006.85924704
2019-11-24,1.01182814,1.01530718,0.97351073,0.98183277,16704229.44265486
2019-11-23,0.99424433,1.02366006,0.98065730,1.01422668,22951231.51370445
2019-11-22,1.00504001,1.02367977,0.97851658,0.99701563,23017057.09505911
2019-11-21,0.99553724,1.01812336,0.97864013,1.00614093,15489255.99654113
2019-11-20,1.01078402,1.02350667,0.98793642,0.99632688,15213170.13599225
2019-11-19,1.01555085,1.01869280,0.98053520,1.00936134,17501523.91845468
2019-11-18,1.01063918,1.02166623,0.98690095,1.01754987,12338225.86035428
2019-11-17,1.00977857,1.02678941,0.99349615,1.00972306,10703240.99486166
2019-11-16,0.99589225,1.01497580,0.99228403,1.01070896,12522196.07681443
2019-11-15,0.99663023,1.02114100,0.97821942,0.99557238,13970175.21325888
2019-11-14,0.99822800,1.00712561,0.97925491,0.99725760,12981090.49564419
2019-11-13,0.99582671,1.00398938,0.98296758,0.99855638,11714027.39438892
2019-11-12,0.99000168,1.00790334,0.97700212,0.99528251,12095193.71097758
2019-11-11,1.00188295,1.00669005,0.97692364,0.98935599,13133512.16795802
2019-11-10,1.01816723,1.02532632,0.99974129,1.00259070,12013011.68686634
2019-11-09,1.00168417,1.02424438,1.00014077,1.01779292,12543351.42300817
2019-11-08,0.99550603,1.01806129,0.98651143,1.00065422,13427702.25455788
2019-11-07,0.99540096,1.00416525,0.97860625,0.99593276,13041694.97139055
2019-11-06,0.99552746,1.01140987,0.97481670,0.99734755,14438642.39039456
2019-11-05,0.99718813,1.01683958,0.98395155,0.99621416,16020845.90581386
2019-11-04,1.00758427,1.01836931,0.99051640,0.99707031,12125287.88848618
2019-11-03,0.99259482,1.01221708,0.97671832,1.00882502,9850278.34207664
2019-11-02,1.00152046,1.01389158,0.98790751,0.99282119,13988573.12320670
2019-11-01,1.00024534,1.01925596,0.97976440,1.00059806,14440867.76249522
2019-10-31,1.00205632,1.01760020,0.98416968,1.00075115,31550296.47969650
2019-10-30,1.00382365,1.00957616,0.98320845,1.00275578,41612260.60126435
2019-10-29,0.98163828,1.02286305,0.98163828,1.00418885,42345512.53945344
2019-10-28,0.98248341,1.01731050,0.98132638,0.98201086,49282742.33444243
2019-10-27,1.00419778,1.01463281,0.98021190,0.98357917,39192560.98168858
2019-10-26,1.00268180,1.05122699,0.98050931,1.00233890,45235560.38004215
2019-10-25,0.99966155,1.05402242,0.98926309,1.00210808,36095781.06857872
2019-10-24,1.01548996,1.01548996,0.98699225,1.00119451,39436706.62618356
2019-10-23,0.99187231,1.01334056,0.97606934,1.01018261,36706355.25391084
2019-10-22,1.00679862,1.01093697,0.99039276,0.99302130,28137862.46864406
2019-10-21,1.00141048,1.01010797,0.98716651,1.00627788,28963504.31910561
2019-10-20,0.99867041,1.01206198,0.99389233,1.00072544,27717655.64399165
2019-10-19,0.99714929,1.01007658,0.98809731,0.99803239,27888346.31639522
2019-10-18,1.00546160,1.01372392,0.99550654,0.99717392,30619857.75604808
2019-10-17,1.00638944,1.01376964,0.99505164,1.00599657,30587381.72241355
2019-10-16,1.01053710,1.01276827,0.99356563,1.00773473,29588472.13539170
2019-10-15,1.00761947,1.01054318,0.99453992,1.01054318,29613474.45049402
2019-10-14,1.00032905,1.01808086,0.99541831,1.00710137,23674648.02818655
2019-10-13,1.00012968,1.01339592,0.98072726,1.00083960,27195637.28699952
2019-10-12,0.99698691,1.01142123,0.99698691,1.00052469,29418800.90993964
2019-10-11,0.99498436,1.01448942,0.98319360,0.99659360,30773505.02064887
2019-10-10,1.00087413,1.01043016,0.99281688,0.99549658,17999034.10010087
2019-10-09,1.00496913,1.00969647,1.00002739,1.00201325,3092182.88904882
2019-10-08,0.99465293,1.00676243,0.99322265,1.00551591,9222409.74423007
2019-10-07,1.00401628,1.01358527,0.99242704,0.99521765,19169897.80125969
2019-10-06,1.00157440,1.01312514,0.99105403,1.00559685,18749865.89801901
2019-10-05,1.00330491,1.00754141,0.99409990,1.00106797,17942118.63705632
2019-10-04,1.00422275,1.01383528,0.99023800,1.00277653,18340629.38641110
2019-10-03,1.01076514,1.01179118,0.97970447,1.00423498,17565245.11097732
2019-10-02,1.00033141,1.00821295,0.99258563,1.00811613,17413952.61173078
2019-10-01,1.01272845,1.01575601,0.98565540,0.99982052,19338444.30991413
2019-09-30,1.00166995,1.02397322,0.98736866,1.01002446,18563501.47904330
2019-09-29,1.00416617,1.01188522,0.99209802,1.00274621,16845780.78068328
2019-09-28,0.99610339,1.01089653,0.99100119,1.00360312,17641893.90212665
2019-09-27,1.00582693,1.01843383,0.99217176,0.99558429,21647751.35147101
2019-09-26,1.00411292,1.02359977,0.96719743,1.00635529,20471614.29467750
2019-09-25,0.98679696,1.01577518,0.98679696,1.00462835,25146706.57282301
2019-09-24,1.00783614,1.02157291,0.90796257,0.98900096,23229793.95884109
2019-09-23,1.00340600,1.01122563,0.99330242,1.00783614,21689473.25430994
2019-09-22,1.00219784,1.01233992,0.99331861,1.00458610,21048670.47389024
2019-09-21,1.00250864,1.00865233,0.99364044,1.00219784,21199536.86939151
2019-09-20,0.99849045,1.00956295,0.99086334,1.00304470,21397352.86706990
2019-09-19,0.99967606,1.02208454,0.97962642,0.99958769,22448438.72427640
2019-09-18,0.99460141,1.00809811,0.99327275,0.99981473,23789270.53262933
2019-09-17,0.99530025,1.01358578,0.99228047,0.99568355,23626239.23363406
2019-09-16,1.00419637,1.01886316,0.98350238,1.00802616,23655565.92382237
2019-09-15,1.00192027,1.00881877,0.99201456,1.00419637,23270479.65840594
2019-09-14,1.00718184,1.01551373,0.99412761,1.00242652,24260017.08432842
2019-09-13,1.00656690,1.01133275,0.99140936,1.00718184,26449785.78299935
2019-09-12,1.00634396,1.00948098,0.99320748,1.00542443,13789004.69511156
2019-09-11,1.01114268,1.01412872,1.00514753,1.00636189,2854622.47215948
2019-09-10,0.99796978,1.01357416,0.98577968,1.01120941,21648526.90400179
2019-09-09,1.00185356,1.01653384,0.99066701,0.99732550,23212673.82909009
2019-09-08,0.99571637,1.01389020,0.98210568,1.00226256,24278353.89651959
2019-09-07,1.00251917,1.01743770,0.99153964,0.99696867,23683534.90491803
2019-09-06,1.00552795,1.01230618,0.97512242,1.00357076,24945858.46811799
2019-09-05,0.99443705,1.01176555,0.99443705,1.00611251,20077345.28232504
2019-09-04,0.99764912,1.01185020,0.99224295,0.99443705,18778449.33360455
2019-09-03,0.99805706,1.01616564,0.99223726,0.99785473,19701574.67277253
2019-09-02,0.99516292,1.02166024,0.99085460,0.99754262,17300820.85776826
2019-09-01,1.00144734,1.00932800,0.99480349,0.99480349,18800948.56616344
2019-08-31,1.00074874,1.01949066,0.98699703,1.00323439,38470766.79129104
2019-08-30,1.00030008,1.01230836,0.99893778,1.00063002,58639482.75908919
2019-08-29,1.00748995,1.01165863,0.99799960,1.00036407,71273666.33151014
2019-08-28,1.01414225,1.02179458,0.96383946,1.00719812,25145016.33818890
2019-08-27,1.01095558,1.01913322,0.99547440,1.00986871,21198199.72076900
2019-08-26,1.01152060,1.01795118,0.99145236,1.00998468,20003397.76137748
2019-08-25,1.01614057,1.04681661,0.98912006,1.02336092,14893706.97803865
2019-08-24,0.99861549,1.02098021,0.98983688,1.01378585,15020377.74154768
2019-08-23,0.99794400,1.01013305,0.99766026,1.00059897,17255127.49878622
2019-08-22,1.00764996,1.01159930,0.98987864,0.99846680,20002591.55386345
2019-08-21,0.99599771,1.01705188,0.98148379,1.00706768,17882239.00559311
2019-08-20,1.00741959,1.01025348,0.99455089,0.99667422,17905556.38936529
2019-08-19,1.00019987,1.00809806,0.99598854,1.00740546,17265816.19485990
2019-08-18,1.00473398,1.01454972,0.99714107,0.99951560,16283307.68580605
2019-08-17,1.00027505,1.00984014,0.99242639,1.00416450,25360484.48093606
2019-08-16,0.99769449,1.01375001,0.99498594,1.00277432,24423067.16452540
2019-08-15,1.00614791,1.01859478,0.99578506,0.99765054,26275133.80525583
2019-08-14,1.00400354,1.00853547,0.96294240,0.96306967,18718398.13887938
2019-08-13,0.99899412,1.00859556,0.99130183,1.00462172,9410427.20353584
2019-08-12,1.00588536,1.00588536,0.99677511,0.99899022,7551286.66678755
2019-08-11,1.00049979,1.00698615,0.99721500,1.00588536,8206106.07130685
2019-08-10,0.99714901,1.00403154,0.99018310,1.00049979,10303305.65492166
2019-08-09,1.00430791,1.01244481,0.99553371,0.99714901,11510645.26462926
2019-08-08,0.99984036,1.00512963,0.99472463,1.00442967,9245200.41334380
2019-08-07,1.00696413,1.01460290,0.98772018,1.00095476,11156354.93903469
2019-08-06,0.99587428,1.03609009,0.97648095,1.00751838,15861058.75974400
2019-08-05,0.99413677,1.01247834,0.99372679,0.99694445,9310527.75788082
2019-08-04,0.99901683,1.00384112,0.99353609,0.99637491,5991678.35146960
2019-08-03,1.00527725,1.01046430,0.99390826,0.99747127,7257216.26939851
2019-08-02,1.00683991,1.01394560,0.99134713,1.00449585,10190675.06265446
2019-08-01,1.01394776,1.01394776,0.99543001,1.00710210,12747566.75549732
2019-07-31,1.00472415,1.01652717,0.99907703,1.01269842,13987776.24667812
2019-07-30,1.00660209,1.01446542,0.99646340,1.00211239,11654223.38457664
2019-07-29,1.00059956,1.01658326,0.99219937,1.00588206,15013581.86084657
2019-07-28,1.00948321,1.01293809,0.98196691,1.00228082,16829046.85338033
2019-07-27,1.00483131,1.02224464,0.96504080,1.00735963,24818649.17779721
2019-07-26,0.99416598,1.01112222,0.98439289,1.00482952,29049677.20115259
2019-07-25,1.00334686,1.01261511,0.99089774,0.99415516,22997229.07562337
2019-07-24,0.99633520,1.01440434,0.98447676,1.00616669,15992751.01438054
2019-07-23,1.00062708,1.01213546,0.98895854,0.99366522,17028119.69110382
2019-07-22,1.00229372,1.00888717,0.97284477,0.99776554,25778888.60085626
2019-07-21,0.99047466,1.00631372,0.98865025,1.00232173,19568964.61769919
2019-07-20,0.99782852,1.01088297,0.98380382,0.98444778,25488482.05315720
2019-07-19,1.01804154,1.02452394,0.96800159,0.99846082,41283831.35149914
2019-07-18,0.99410758,1.04708573,0.98850132,1.01890658,59989949.31650802
2019-07-17,0.97884115,1.03194670,0.95445485,0.98992974,40932288.30395176
2019-07-16,1.03310955,1.04007787,0.90031404,0.97962115,47644683.04008687
2019-07-15,0.94245705,1.04653478,0.91776855,1.03400168,45332744.26491839
2019-07-14,1.00015572,1.00117235,0.93980931,0.94966100,40949060.58481921
2019-07-13,0.97875401,1.00088490,0.95965012,0.99943513,48280989.83409410
2019-07-12,0.99071145,1.02115560,0.96849186,0.97681684,57689739.40808383
2019-07-11,0.98088947,1.01364622,0.92271521,0.99096958,43482417.05167261
2019-07-10,0.99813478,1.02785968,0.94167798,0.97777844,60769392.00594102
2019-07-09,1.00909156,1.02342810,0.97887102,0.99687024,40565461.96792580
2019-07-08,0.99980154,1.01475621,0.98569803,1.01061577,35467552.66518474
2019-07-07,0.98004286,1.02144433,0.96859686,1.00012437,36522398.32720063
2019-07-06,0.98230739,1.00680926,0.96028988,0.97776818,33962603.15992118
2019-07-05,0.97091930,1.02441629,0.96628866,0.98094501,25032005.32399467
2019-07-04,0.99746422,1.00188337,0.96915897,0.97228403,13073286.92068158
2019-07-03,1.00207794,1.01720981,0.97862781,0.99642358,8129144.45216916
2019-07-02,0.99749296,1.03148879,0.96379374,1.00157824,12275655.30817898
2019-07-01,0.97610048,1.02462825,0.96656870,0.99873750,9247585.91113188
2019-06-30,1.00602758,1.02363294,0.96662591,0.97665812,11848485.40326209
2019-06-29,1.00739347,1.02626579,0.96759337,1.00478692,13784515.74457739
2019-06-28,1.01487579,1.05069190,0.98451877,1.00968365,13984205.05324469
2019-06-27,1.01368056,1.04455648,0.95776422,1.01003416,25201231.42151566
2019-06-26,1.02549882,1.05197342,0.94104255,1.01398956,16995790.08608821
2019-06-25,0.99633450,1.02670291,0.97453310,1.02670291,42437456.33644854
2019-06-24,0.99249251,1.02309526,0.97617338,0.99800532,43739230.52550479
2019-06-23,1.01425513,1.01779547,0.98866896,0.99057038,57999841.55921886
2019-06-22,1.02480203,1.02480203,0.98963856,1.00492267,71304540.33601454
2019-06-21,1.00653167,1.02481151,0.99489791,1.02067822,41080624.25273827
2019-06-20,1.02957295,1.03180687,0.99759072,1.00793088,39020032.57149791
2019-06-19,1.00230767,1.04242504,0.99890381,1.03157670,39683118.79972256
2019-06-18,0.99490222,1.01099486,0.98940591,1.01099486,12782971.12873809
2019-06-17,0.99413277,1.01457696,0.99095345,0.99346667,11638011.53258200
2019-06-16,1.00194052,1.02001877,0.98102038,1.00084005,12715420.26086932
2019-06-15,1.00293578,1.01746551,0.99490285,1.00254957,10633892.53271686
2019-06-14,1.00269733,1.02267567,0.99787453,1.01739746,12025936.42413670
2019-06-13,1.00064962,1.00937279,0.99517928,0.99853139,11040876.29350117
2019-06-12,1.00363763,1.01525676,0.99326721,1.00118552,12571171.28157788
2019-06-11,1.00091353,1.00985578,0.98889900,1.00335854,12339025.26189410
2019-06-10,1.00754139,1.03537213,0.99434783,0.99947475,13259945.68000908
2019-06-09,1.01031701,1.02377349,0.99415032,1.00682140,40841388.88946465
2019-06-08,1.00313295,1.02040183,0.98724133,1.01538975,43220130.27231223
2019-06-07,1.01874025,1.03036929,0.99415082,1.00586104,44286465.34968336
2019-06-06,1.01583804,1.03728581,0.98847630,1.02194980,39778749.75601103
2019-06-05,1.01253910,1.02159020,0.99466503,1.01583804,41837179.90566936
2019-06-04,0.98521712,1.02234115,0.96035589,1.01202147,40813867.80037072
2019-06-03,1.00586030,1.02001291,0.97961856,0.98707000,44020157.80324397
2019-06-02,1.00596442,1.01776853,0.99722689,1.00996906,45269552.00184987
2019-06-01,1.02227376,1.03086252,0.99093074,1.00820488,45364591.80150741
2019-05-31,0.99856483,1.03288996,0.98343737,1.02367640,47244362.82679755
2019-05-30,0.99921642,1.02775818,0.95871699,0.98290895,44809198.19267845
2019-05-29,1.00175728,1.01755290,0.98478639,0.99990328,48442449.13931397
2019-05-28,1.00034966,1.01690136,0.99389657,1.00175728,46054978.12692172
2019-05-27,1.01334865,1.02514944,0.99336626,1.00309283,27630141.85944562
2019-05-26,1.00098849,1.08012563,0.99911973,1.01594934,44354427.18954620
2019-05-25,1.00104244,1.01504817,0.98805319,0.99740315,45148404.38662460
2019-05-24,1.01172903,1.02039770,0.99011196,0.99809146,39959211.70953026
2019-05-23,0.98410181,1.03257996,0.98101498,1.00956959,36019367.55422841
2019-05-22,1.00370702,1.01020854,0.98235554,0.98448862,32373696.11992152
2019-05-21,1.01909082,1.02406154,0.99381470,1.00623648,31550054.58315428
2019-05-20,1.00547144,1.02747211,0.97475804,1.02102674,35960764.69733245
2019-05-19,0.99080931,1.01872831,0.98288414,1.00542632,33465231.29285582
2019-05-18,0.99398203,1.01236935,0.97914618,0.99084247,32682774.48484222
2019-05-17,1.03250081,1.03720355,0.97597517,0.99263702,36635900.27921636
2019-05-16,1.00738053,1.04472785,0.97950746,1.02803793,49312556.51327172
2019-05-15,1.00459029,1.02057287,0.97909941,1.00948476,38609186.44808018
2019-05-14,0.96241335,1.01171525,0.95996310,1.01139377,31682051.73666663
2019-05-13,0.98015751,1.01846750,0.95492127,0.96109808,23671905.27071955
2019-05-12,0.97845521,1.02552525,0.96231772,0.97812420,24827346.11904070
2019-05-11,1.00060018,1.04524098,0.98308544,0.98308544,34765673.39233053
2019-05-10,0.99671811,1.00899849,0.99015074,0.99916657,52662557.79113892
2019-05-09,1.00081565,1.01065710,0.98683505,0.99900250,38877795.00041104
2019-05-08,0.99337083,1.00433906,0.98435667,1.00081565,32120319.63873660
2019-05-07,1.00270598,1.02959762,0.98910278,0.99581688,18055053.21108254
2019-05-06,0.98160357,1.03122982,0.97599977,1.00273371,23752376.08064764
2019-05-05,0.99527362,1.00337805,0.97567990,0.98309920,24573450.80919429
2019-05-04,0.97464153,1.01772659,0.95519007,0.99472775,25424812.34578995
2019-05-03,0.99882775,1.03652332,0.97053615,0.97262551,26554207.55661345
2019-05-02,1.00090427,1.01481398,0.96176737,0.99941706,20263950.18931932
2019-05-01,1.01661544,1.02294782,0.98025563,1.00091868,17935300.86901056
2019-04-30,0.98870940,1.02272577,0.98870940,1.01527264,19080145.27811574
2019-04-29,0.98313476,0.99388272,0.97303346,0.98763910,18709860.77358532
2019-04-28,0.98416022,0.98861592,0.96787515,0.98089663,17801709.24375951
2019-04-27,0.97461724,0.99246365,0.97142921,0.98366413,28917625.20582994
2019-04-26,0.98097114,1.00583473,0.96275114,0.97209054,35157789.38340364
2019-04-25,1.00764738,1.01095392,0.95040405,0.97997259,34095490.27822097
2019-04-24,0.98518991,1.04181967,0.97463401,1.00547404,34127914.11797030
2019-04-23,1.00297756,1.01072373,0.97545054,0.98405532,35415063.54699147
2019-04-22,0.99205290,1.01558350,0.98653079,1.00332114,40551557.32394874
2019-04-21,0.98972799,0.99381895,0.96994307,0.99179542,36131413.17960732
2019-04-20,0.99120373,0.99715618,0.97541131,0.98791115,40287050.12018384
2019-04-19,0.99291969,0.99654391,0.97332890,0.99127633,42918529.80275735
2019-04-18,0.99329011,1.00596517,0.98760644,0.99344288,42480993.51297729
2019-04-17,1.00277678,1.00994428,0.98013653,0.99048439,40722559.60283133
2019-04-16,0.96618937,1.00643200,0.96127836,1.00329914,40879173.83163960
2019-04-15,1.00979389,1.00979389,0.95637856,0.96815079,43141129.76342673
2019-04-14,0.97405799,1.01146861,0.97132381,1.00223299,42956460.72543927
2019-04-13,0.97333448,0.99280828,0.95726395,0.97040551,39339633.54522543
2019-04-12,1.01887671,1.03627639,0.95840932,0.97412110,39346710.48747420
2019-04-11,0.99092160,1.11516893,0.95021196,1.01861492,41525045.84651589
2019-04-10,1.00434174,1.01520615,0.96195976,0.99000104,38449587.96327318
2019-04-09,0.97278986,1.03750542,0.96013830,1.00536850,38625044.20853706
2019-04-08,1.03354616,1.04841611,0.95208550,0.96623457,41537081.29211330
2019-04-07,1.00891665,1.04103485,0.95106357,1.03452553,40029061.59867837
2019-04-06,0.99041145,1.02863874,0.97684325,1.00744976,39668962.00785597
2019-04-05,1.00218459,1.01419851,0.98123565,0.99054309,39163413.52524464
2019-04-04,0.97823287,1.01691618,0.97162220,1.00112745,37073428.35296056
2019-04-03,0.99640914,1.01560130,0.95954055,0.97795899,10443936.05470083
2019-04-02,0.98701976,1.03807324,0.97609639,0.99577007,22265668.12001020
2019-04-01,1.00126248,1.01535254,0.98609698,0.98946175,30162132.48017238
2019-03-31,0.96065681,1.04652119,0.94332954,1.00017938,26141918.50958006
2019-03-30,0.99760582,1.03419013,0.95305095,0.95744949,29285497.88229781
2019-03-29,0.99009787,1.01995202,0.98356905,0.99815595,27658714.75383695
2019-03-28,1.00974884,1.03448621,0.98464668,0.98968300,20231004.59632123
2019-03-27,0.99715239,1.01435271,0.99634897,1.01211142,27512934.90838718
2019-03-26,0.98787050,1.03226565,0.98787050,0.99440263,31045196.15466201
2019-03-25,0.99064216,0.99840840,0.97819812,0.98787050,31021629.44914013
2019-03-24,0.98757873,1.00175046,0.97593868,0.99067933,33426900.88450617
2019-03-23,0.98758857,1.00568128,0.97672417,0.99087074,33303855.43800437
2019-03-22,0.98890254,0.99962984,0.98003887,0.98883147,33379453.44923406
2019-03-21,0.99667714,1.00456438,0.97264903,0.99074505,34387421.12406304
2019-03-20,0.98798140,1.00473396,0.97738630,0.99580038,33854112.13246437
2019-03-19,0.99750821,1.00295063,0.97613072,0.98564832,34830893.49312919
2019-03-18,0.99513746,1.00880171,0.97532507,1.00151342,36085932.83045688
2019-03-17,0.99010687,1.00239787,0.95729430,0.99608267,19896613.25251449
2019-03-16,0.98552522,1.00889430,0.98257014,0.99060787,12673320.06764502
2019-03-15,0.99873961,1.00215479,0.96669604,0.98531738,14423375.77986774
2019-03-14,0.99462120,1.00926210,0.99191086,0.99949557,16516152.52709085
2019-03-13,1.00113535,1.00586595,0.98529099,0.99462120,17553864.32947522
2019-03-12,0.98996572,1.00747637,0.98504006,1.00221109,20635951.03834133
2019-03-11,0.98260459,1.00391076,0.97905177,0.98928999,24386294.22648184
2019-03-10,0.99469194,0.99469194,0.97893911,0.98359831,27003183.39485555
2019-03-09,0.98164612,1.00487663,0.97840090,0.99471299,28687454.20371871
2019-03-08,0.98551823,0.99319804,0.96721861,0.98277630,28046654.76936770
2019-03-07,0.98083722,0.99841631,0.97434316,0.98585269,25773500.51502068
2019-03-06,1.00463954,1.01065477,0.97634634,0.99018813,31024257.27997551
2019-03-05,1.00924755,1.01588272,0.98634340,1.00399082,31023376.05147647
2019-03-04,0.99377157,1.02172471,0.99377157,1.00932607,28390501.74706573
2019-03-03,1.00551186,1.01335892,0.91730946,0.99609354,27856142.10002933
2019-03-02,0.99834501,1.01116251,0.99295267,1.00512444,36908622.69452589
2019-03-01,1.01098526,1.01461107,0.99390088,0.99834501,45128569.60857739
2019-02-28,1.01465375,1.02104997,0.99764219,1.00925091,64615662.58588570
2019-02-27,0.99044167,1.02008039,0.98258152,1.01516308,74630687.53462429
2019-02-26,1.00560858,1.00939341,0.97633973,0.98747467,31711863.32218023
2019-02-25,0.96769870,1.02295973,0.96756853,1.00656884,33972779.63534847
2019-02-24,1.00548312,1.02035583,0.96239406,0.97352100,32042815.56957322
2019-02-23,1.00302519,1.04211626,0.99256265,1.00610823,26334587.04724105
2019-02-22,0.99321285,1.01023191,0.96391992,1.00469846,25358851.20794603
2019-02-21,0.99223044,0.99963290,0.97707062,0.99195015,29229203.57006740
2019-02-20,0.95727788,1.00861572,0.95038194,0.99311957,19075733.53617799
2019-02-19,0.99751467,1.02041680,0.95807601,0.95807601,14774461.91201956
2019-02-18,0.99043994,1.02093277,0.98095799,0.99689166,12698752.40159490
2019-02-17,0.97430041,1.00688106,0.97064617,0.98527383,8201933.39457249
2019-02-16,0.96861577,1.01623879,0.96565981,0.97288912,9397171.59388636
2019-02-15,0.98643389,1.00593373,0.96368493,0.96874992,6419790.27096916
2019-02-14,0.99825383,1.00318393,0.98061594,0.98769279,3569431.63065977
2019-02-13,1.00013098,1.01344163,0.98272058,1.00214770,4525846.21054660
2019-02-12,0.99078827,1.00605805,0.98449293,0.99076885,4558862.58974050
2019-02-11,0.98840925,0.99894840,0.97755705,0.98281008,3739333.70952997
2019-02-10,0.99954241,0.99954241,0.97433400,0.98881257,2845612.27977505
2019-02-09,0.99166656,1.00143368,0.98507031,1.00010289,3235068.20277908
2019-02-08,0.99087478,1.01804179,0.98456649,0.99239075,3560761.68299254
2019-02-07,0.99564182,1.01357701,0.97997983,1.00630459,3103593.76406403
2019-02-06,0.99229970,1.01060880,0.97456542,1.00412200,3199626.56198253
2019-02-05,1.00687187,1.01288478,0.98663116,0.99085065,3527882.64250994
2019-02-04,1.01025684,1.01668700,0.98709541,1.00771452,5265393.41838205
2019-02-03,1.02033198,1.02033198,0.98633599,1.00858521,4213603.25758800
2019-02-02,1.01056227,1.02814760,0.99162287,1.00507452,3526015.27928159
2019-02-01,0.99379787,1.02126235,0.99035528,1.01174563,3184851.87675819
2019-01-31,0.99858765,1.01751805,0.99347944,0.99347944,3354053.16233195
2019-01-30,1.00503466,1.03050810,0.99375030,0.99808215,3768608.36116458
2019-01-29,1.00418744,1.02020588,0.99446557,1.01618307,3458500.34331761
2019-01-28,0.99505148,1.01809075,0.99340691,1.00289697,3077944.47848566
2019-01-27,1.00889575,1.02086150,0.99118000,1.00502873,2803594.86882994
2019-01-26,0.99807728,1.01725529,0.99203711,1.00168551,4003851.06848399
2019-01-25,0.99751364,1.01758446,0.99410518,0.99657137,5024160.88193679
2019-01-24,1.00246543,1.02866021,0.99554276,0.99846815,3359804.92940232
2019-01-23,0.99474946,1.00877952,0.99085230,1.00195075,2527353.52326276
2019-01-22,1.00070090,1.02450983,0.97258933,0.99551152,2911683.93324625
2019-01-21,0.99803178,1.03310015,0.99398067,1.00004848,2960868.72313492
2019-01-20,1.00549992,1.01282661,0.99262300,0.99686904,2333598.80124609
2019-01-19,1.00375711,1.01983542,0.99604869,1.00366953,3357703.97777076
2019-01-18,0.99876694,1.01002109,0.99278460,1.00257935,2788704.72307170
2019-01-17,1.01184338,1.02075204,0.99021952,0.99862478,3104999.70784948
2019-01-16,1.01707898,1.03327733,0.99225292,1.01266594,3416371.42262359
2019-01-15,0.99271030,1.02840395,0.98679790,1.02177435,4929446.60481825
2019-01-14,1.00961410,1.02060955,0.98932143,0.99252609,3110408.22253842
2019-01-13,1.01586176,1.02744959,0.97923761,1.01070692,3034141.45415874
2019-01-12,1.01141297,1.02447691,0.99389868,1.01505964,2656576.34938728
2019-01-11,0.99738726,1.02445280,0.98880560,1.00845166,3358876.90324130
2019-01-10,1.00248992,1.01738467,0.97323776,1.01363593,4838592.27912582
2019-01-09,0.99216805,1.01999954,0.98680026,0.98930490,4019302.83549574
2019-01-08,1.00857618,1.03128928,0.98804211,0.99260255,3440138.73230313
2019-01-07,1.00239622,1.01023551,0.98715800,1.00066600,3155529.35189025
2019-01-06,1.00758568,1.02977115,0.99905341,1.00300559,4155196.37043439
2019-01-05,1.00986564,1.03042838,0.98387788,1.01650133,3652415.77965999
2019-01-04,1.01032280,1.02619842,1.00222585,1.00809221,2755236.31306357
2019-01-03,1.00911134,1.01428470,0.99619857,1.01064979,2412115.78343529
2019-01-02,1.00805462,1.05452118,1.00336270,1.00857794,2435798.92661461
2019-01-01,1.00990851,1.01761179,1.00054927,1.01003957,2612480.38279026
2018-12-31,1.00424016,1.01287682,0.99925257,1.00964226,2428080.81891528
2018-12-30,0.99639902,1.01772075,0.99076898,1.00528204,2826513.75504233
2018-12-29,1.00705822,1.01963541,1.00393716,1.00461979,69457647.92302458
2018-12-28,1.01276964,1.02646615,1.00646066,1.00703496,30308630.77601321
2018-12-27,1.00465764,1.01964282,1.00156109,1.01438722,3424059.09249466
2018-12-26,1.00872992,1.01511689,0.99742106,1.00378223,3066072.63089071
2018-12-25,0.99920615,1.01567095,0.99474646,1.00208271,3812295.40470376
2018-12-24,1.00098046,1.01128577,0.99212428,1.00096704,5830978.66049047
2018-12-23,1.00310550,1.01563022,0.99920420,1.00134964,4547780.98518744
2018-12-22,1.00659645,1.01752478,1.00049149,1.00317075,2404996.90115381
2018-12-21,1.00563746,1.01566883,1.00041865,1.00802698,2885690.22832728
2018-12-20,1.00786272,1.01520469,0.99703029,1.00636582,3203702.17962791
2018-12-19,1.00019440,1.01466868,0.99745251,1.00782541,3272896.85422742
2018-12-18,1.05841041,1.06762782,0.99284098,1.00055986,6417837.28756134
2018-12-17,1.02909619,1.12860230,0.95710802,1.05899382,8249793.18079142
2018-12-16,1.01835268,1.03467657,1.01499989,1.02757335,4413421.67122571
2018-12-15,1.02043014,1.02913000,1.01258731,1.01773117,3075347.15486446
2018-12-14,1.01698012,1.03990267,0.97847815,1.01948205,4860090.41519315
2018-12-13,1.02157624,1.05640957,0.97889355,1.01695878,5862654.20675793
2018-12-12,1.01245176,1.05095359,1.00694348,1.02117272,3168292.51928543
2018-12-11,1.01381089,1.01992290,1.00906963,1.00952415,2540352.12579750
2018-12-10,1.01444534,1.01683062,0.99748053,1.01435382,2651955.71956292
2018-12-09,1.01754707,1.01873428,1.00666262,1.01687295,2362622.79049668
2018-12-08,1.01478681,1.02673156,0.99685809,1.01309845,4592240.09166774
2018-12-07,1.01152362,1.01821926,1.00194697,1.01333958,4367413.46943874
2018-12-06,1.00382226,1.01386507,0.99917021,1.00809418,3309846.74896953
2018-12-05,1.00080100,1.01435370,0.99107108,1.00350562,3637753.62762992
2018-12-04,1.00689079,1.01330141,0.99620894,1.00177702,3407829.05808413
2018-12-03,0.99812733,1.01219537,0.99131998,1.00789996,3392120.47309738
2018-12-02,1.00703608,1.01468110,0.99455707,0.99783767,3871740.60607040
2018-12-01,1.00339700,1.01243440,0.99452383,1.00762141,4476113.81203914
2018-11-30,1.00556355,1.01249801,0.99827312,1.00356401,4092755.15729801
2018-11-29,1.00198265,1.00529631,0.99594447,1.00491734,4580012.34755689
2018-11-28,1.01051044,1.01668939,0.99505051,1.00114697,3670066.61004549
2018-11-27,1.00732262,1.01743585,0.99933753,1.00891075,3203417.61107565
2018-11-26,1.00440433,1.02271083,0.99643285,1.00691108,5263528.15236188
2018-11-25,1.01053394,1.02257132,0.99641863,1.00441107,5200476.68606340
2018-11-24,1.00867841,1.02541360,0.99377878,1.00957216,2626948.85484220
2018-11-23,0.98766584,1.01133508,0.98200747,1.00860961,3649177.87363412
2018-11-22,0.98612618,1.00085650,0.97636996,0.98531696,3637016.01194736
2018-11-21,0.99229609,1.00743799,0.97790085,0.98802321,5168110.57448149
2018-11-20,0.98973066,1.00860646,0.96909951,1.00154268,7178027.70157278
2018-11-19,1.00430290,1.01000449,0.97756979,0.99262312,5958265.15672253
2018-11-18,1.01284795,1.01655035,1.00053056,1.00461786,2555818.70647726
2018-11-17,1.00285620,1.01352022,0.99322883,1.01223942,3145476.78339394
2018-11-16,1.00408374,1.00665086,0.99696483,1.00066104,3950606.93132913
2018-11-15,1.00064831,1.01469552,0.98576698,1.00235866,9912804.86364404
2018-11-14,1.01109410,1.01982292,0.96982444,0.99299842,6149495.26877635
2018-11-13,0.99981197,1.01390284,0.99946519,1.01179951,3104379.31145122
2018-11-12,1.00426358,1.00675302,0.99688505,0.99919841,2945573.73166393
2018-11-11,1.00311328,1.00874919,1.00135555,1.00451967,2647236.47994466
2018-11-10,1.00539073,1.00804123,0.99837232,1.00311328,3107840.00701253
2018-11-09,1.00492609,1.00664688,0.99900038,1.00526940,3905111.64724685
2018-11-08,0.99996586,1.00674412,0.99682962,1.00405816,3245085.88454516
2018-11-07,0.98836954,1.00089569,0.98590907,0.99996490,4953294.30463173
2018-11-06,0.99307512,0.99362120,0.98576486,0.98603705,3302817.24983399
2018-11-05,0.99759525,0.99759525,0.99195622,0.99425612,3075759.39233612
2018-11-04,1.00075417,1.00200020,0.99343428,0.99759525,2770085.10668603
2018-11-03,1.00142832,1.00478953,0.99654930,1.00130834,3217252.18440356
2018-11-02,0.99659724,1.00581391,0.99526270,1.00142832,2996713.11658417
2018-11-01,0.99240684,1.00370490,0.99094000,0.99711374,2637322.03639422
2018-10-31,0.99653641,0.99857375,0.99221363,0.99268740,3027950.80643187
2018-10-30,0.99385945,0.99978878,0.99276550,0.99593210,3098872.16463203
2018-10-29,0.99682646,1.00228986,0.99193427,0.99365478,3700161.09878262
2018-10-28,0.99910344,1.00753171,0.99275258,0.99682646,2761763.21436369
2018-10-27,1.00010286,1.00209024,0.99665587,0.99913087,3428053.44301275
2018-10-26,1.00044517,1.00224889,0.99274222,1.00062363,3478122.92396198
2018-10-25,0.99722122,1.00542736,0.99517716,0.99993671,3375617.58942798
2018-10-24,1.00007335,1.00612314,0.99384578,0.99620040,2676679.45003778
2018-10-23,0.99583127,1.00456151,0.99246278,1.00007335,1422777.32486627
2018-10-22,0.99770292,1.01288370,0.99294891,0.99532537,1499376.64622872
2018-10-21,0.99596997,1.00909246,0.99596997,0.99753068,1414891.64437731
2018-10-20,0.99419488,1.00977872,0.98967421,0.99596440,1825194.61670118
2018-10-19,0.98597669,1.00138185,0.97925742,0.99487538,4464238.94717040
2018-10-18,0.99142978,0.99810909,0.97556708,0.98672343,3093946.04895798
2018-10-17,0.99857908,1.00799039,0.99261447,0.99261447,2243878.52360662
2018-10-16,1.00160673,1.02533422,0.99429467,0.99864133,5767196.79851119
2018-10-15,1.00630896,1.01923337,0.97932909,1.00107500,7879891.96794607
2018-10-14,1.00043261,1.00945097,0.99682298,1.00467608,3926964.62509184
2018-10-13,0.99965628,1.00439044,0.99695879,1.00043261,3545955.71426544
2018-10-12,1.00677924,1.01655717,0.99925932,0.99971958,10202923.82491199
2018-10-11,0.99920098,1.01191075,0.99631499,1.00787948,18271907.65155444
2018-10-10,0.99832117,1.00261737,0.99676616,0.99920098,4464889.32289228
2018-10-09,0.99813615,1.00029684,0.99748895,0.99854167,5069451.54600371
2018-10-08,0.99897088,1.00286264,0.99709221,0.99841840,3480982.40048178
2018-10-07,0.99968639,1.00523959,0.99799385,0.99897088,2565278.96115856
2018-10-06,1.00030812,1.00307803,0.99404873,0.99975422,3175042.46383541
2018-10-05,0.99893083,1.00161121,0.99813690,0.99926863,2554383.84416805
2018-10-04,0.99998041,1.00283471,0.99775808,0.99903644,2937617.23443811
2018-10-03,0.99984147,1.00215556,0.99682202,0.99957689,3375815.93298182
2018-10-02,0.99847523,1.00080759,0.98701510,0.99900575,3210959.99829265
2018-10-01,0.99943995,1.00198719,0.99712910,0.99857084,3436000.57579178
2018-09-30,1.00024278,1.00236828,0.99771725,0.99905459,3282332.23722327
2018-09-29,0.99976485,1.00414789,0.99743916,1.00016820,4129012.18806098
2018-09-28,0.99875803,1.01147501,0.99695682,1.00010060,9074666.20589418
2018-09-27,1.00027102,1.00318740,0.99758769,0.99923032,4857096.80437326
2018-09-26,1.00197133,1.01308248,0.99696650,1.00103739,2056558.38862120
2018-09-25,1.00105041,1.00445944,0.99739316,1.00206647,4561340.26154096
2018-09-24,0.99863958,1.00482894,0.99690029,1.00105041,26704630.34778539
2018-09-23,0.99908732,1.00405294,0.99731872,0.99918936,18606729.91234120
2018-09-22,0.99786783,1.00198307,0.99395183,0.99968774,25869037.70076061
2018-09-21,1.00134094,1.00433268,0.99408228,0.99718955,18748250.90811556
2018-09-20,1.00264586,1.00500460,0.99618244,1.00060257,8200243.99245459
2018-09-19,1.00362726,1.00562870,0.99934212,1.00280389,17389258.60020188
2018-09-18,1.00304196,1.00580075,1.00025479,1.00195007,10211022.10443036
2018-09-17,1.00233506,1.00740650,0.99969201,1.00322716,4068437.15465355
2018-09-16,1.00220172,1.00563926,1.00052731,1.00240950,4876371.29585963
2018-09-15,1.00240745,1.00736671,0.99876505,1.00220172,6031397.38925311
2018-09-14,1.00128051,1.00492340,1.00018956,1.00131328,6441657.67510358
2018-09-13,1.00372561,1.00468931,1.00020354,1.00097225,5551575.86889149
2018-09-12,1.00279608,1.00655894,1.00155914,1.00311443,4921664.65077162
2018-09-11,1.00344598,1.00780476,1.00108825,1.00307094,4250355.48349206
2018-09-10,1.00855555,1.00891182,1.00188265,1.00404835,1774118.90395699
2018-09-09,1.00580649,1.01297119,1.00193441,1.00712369,2058765.56732604
2018-09-08,1.00490825,1.00903438,0.99888022,1.00643090,1643151.66595196
2018-09-07,1.00738876,1.01192363,0.99905531,1.00545805,1767157.18609626
2018-09-06,1.00288482,1.01075069,0.99987812,1.00823003,3061285.13439328
2018-09-05,1.00060096,1.00598032,0.98557335,1.00156184,1458446.26955472
2018-09-04,0.99778516,1.00683457,0.99574444,1.00049176,1037826.02071060
2018-09-03,1.00420727,1.00831921,0.99658886,0.99778516,252584.73997926
2018-09-02,1.00187964,1.00961014,0.99573636,1.00489076,290761.36752038
2018-09-01,0.99975192,1.00538996,0.99899940,1.00187964,195135.09246789
2018-08-31,1.00199756,1.00893641,0.99498490,1.00061370,263102.74524006
2018-08-30,0.99884941,1.00834923,0.99577172,1.00241720,245307.61603453
2018-08-29,1.00066966,1.00631819,0.99518873,0.99797303,733284.97593903
2018-08-28,1.00829712,1.01035089,0.99777691,1.00066966,1216229.23230918
2018-08-27,1.00699437,1.00866003,1.00050990,1.00771458,440673.62581771
2018-08-26,1.00286066,1.00699170,0.99200712,1.00643167,240448.68142051
2018-08-25,1.00578116,1.00904210,0.99953065,1.00286066,140772.60503450
2018-08-24,1.00965812,1.01513333,1.00035062,1.00612236,156441.22260897
2018-08-23,1.00696674,1.01490608,1.00302837,1.00899215,258922.04927707
2018-08-22,1.01145878,1.02274814,0.99626156,1.00643503,692315.89625376
2018-08-21,1.01136970,1.01808251,1.00293232,1.00951684,501711.35017549
2018-08-20,1.00564224,1.01546094,0.99832433,1.01254584,389702.14421298
2018-08-19,0.99959164,1.00918879,0.99030046,1.00591715,964296.48936325
2018-08-18,1.00631039,1.01184530,0.99186185,0.99933816,317196.89480502
2018-08-17,1.00224881,1.02200973,0.99939472,1.00443518,179370.63266186
2018-08-16,1.00344994,1.01923453,0.99632184,1.00135023,576316.38728293
2018-08-15,1.00692617,1.00845322,0.99620251,1.00371707,3070241.52869542
2018-08-14,1.00134254,1.01153407,0.99791394,1.00472739,5149362.49077689
2018-08-13,0.99571219,1.01366756,0.99308719,1.00164453,2138500.99616277
2018-08-12,0.99034747,1.00494352,0.98982706,0.99571219,1693011.55869726
2018-08-11,0.99980280,1.00311677,0.98519514,0.99251772,2718321.55040816
2018-08-10,0.99210722,1.00007123,0.98010025,1.00007123,2402112.46298159
2018-08-09,0.98893339,1.01172487,0.98194122,0.99210077,1170409.64500148
2018-08-08,0.99308915,1.01314740,0.98099190,0.98769258,1610020.00059046
2018-08-07,0.99841448,1.00028152,0.98385569,0.99310123,331074.65492065
2018-08-06,0.99878133,1.00634469,0.98676965,0.99838114,326440.71196425
2018-08-05,0.99753242,1.00422320,0.99012573,0.99877240,318748.50942752
2018-08-04,0.99671301,0.99936073,0.99183437,0.99691208,412908.36617227
2018-08-03,0.99582247,1.00376789,0.98797888,0.99616621,285542.70987786
2018-08-02,1.00314663,1.00756201,0.99192517,0.99582247,309840.30031772
2018-08-01,0.99396154,1.00383607,0.98448654,1.00251396,392839.92788685
2018-07-31,0.99544059,1.00015198,0.98366593,0.99429408,407336.86276708
2018-07-30,0.99641707,1.00080902,0.99266858,0.99526928,195445.83348370
2018-07-29,1.00173880,1.00509140,0.99251739,0.99505186,406423.15824159
2018-07-28,0.99550062,1.00286332,0.99191935,1.00013914,664356.93227134
2018-07-27,0.99818764,1.00298651,0.99258369,0.99466259,868337.32310008
2018-07-26,0.99160651,0.99994584,0.98634928,0.99875768,334213.98778280
2018-07-25,0.98985465,1.00987995,0.97933836,0.99302467,158346.65528451
2018-07-24,1.00121582,1.00460080,0.97635993,0.99074789,146417.82652422
2018-07-23,0.99166274,1.00835452,0.97892973,1.00106916,117260.52828250
2018-07-22,0.99242553,1.00722153,0.98223873,0.99208294,122043.24360046
2018-07-21,0.99852531,1.00380582,0.98986183,0.99249831,252846.36256812
2018-07-20,0.98649529,1.01475032,0.98305234,0.99848503,243367.03871505
2018-07-19,0.99424932,1.00311118,0.98224586,0.98618593,391587.44615031
2018-07-18,1.00004923,1.00333822,0.98636825,0.99411971,489741.00010049
2018-07-17,0.98898306,1.00344338,0.95061568,1.00001340,309738.08231810
2018-07-16,0.99937539,1.00014263,0.98085618,0.98907736,202309.70141161
2018-07-15,0.99546095,1.00594064,0.99434861,0.99877484,121944.60426572
2018-07-14,0.99675975,0.99814317,0.98227484,0.99585156,138929.41334704
2018-07-13,0.99031216,0.99985356,0.98772410,0.99706296,390803.14606065
2018-07-12,0.99374060,1.00109365,0.98132092,0.98996252,406309.22557119
2018-07-11,0.99976232,1.00628417,0.99214318,0.99235887,275611.47135937
2018-07-10,1.00209432,1.00934714,0.99199889,0.99981311,282516.33833325
2018-07-09,0.99547234,1.00732112,0.97616612,1.00234935,146333.00328842
2018-07-08,0.98079056,1.00340061,0.97921612,0.99573242,248982.42447100
2018-07-07,0.99125095,0.99955306,0.98077726,0.98077726,230881.99598608
2018-07-06,0.99981797,1.00798758,0.98420812,0.99153742,259691.34562131
2018-07-05,1.00300323,1.01354756,0.98880143,1.00002905,170229.88365738
2018-07-04,1.00023790,1.01088821,0.96659573,1.00237527,161852.69668703
2018-07-03,1.00485943,1.01045941,0.98827216,1.00106977,293293.51733617
2018-07-02,1.00188289,1.01599012,0.98951005,1.00507605,188493.25626678
2018-07-01,1.00901722,1.01256970,0.99625766,1.00274822,222783.93395384
2018-06-30,0.98519583,1.02168603,0.98519583,1.00911119,321743.30355469
2018-06-29,1.00165615,1.00437840,0.98086824,0.98507729,365631.92428796
2018-06-28,1.00861768,1.00861768,0.98206084,1.00080572,389310.89967900
2018-06-27,1.00008674,1.01074946,0.98804380,1.00849561,301329.99319946
2018-06-26,0.99150982,1.00509664,0.98828888,0.99852983,183652.79077368
2018-06-25,0.99243392,1.01444777,0.97564715,0.99079497,671461.37775159
2018-06-24,0.99053461,1.00539455,0.98690158,0.99240036,904303.83084736
2018-06-23,1.00759077,1.00912067,0.98955216,0.99055525,1185097.68175218
2018-06-22,0.99005795,1.03222972,0.97032236,1.00786923,323672.57833503
2018-06-21,0.99388385,1.00159183,0.98579008,0.99563312,236495.86747134
2018-06-20,0.99040807,1.00524743,0.98888824,0.99700177,282314.94478505
2018-06-19,0.99992980,1.00950929,0.98930184,0.98993810,128795.28615667
2018-06-18,0.99655135,1.00563695,0.97443812,0.99954504,127796.07267397
2018-06-17,0.99125490,1.01013551,0.98164538,0.99898610,387833.02864730
2018-06-16,1.00235736,1.00287439,0.98481467,0.99144333,345216.91252435
2018-06-15,0.99586925,1.00291923,0.98061929,1.00291923,347157.16695171
2018-06-14,0.99183773,1.04699687,0.98118745,0.99594029,755560.19950263
2018-06-13,1.00038289,1.01163170,0.98372876,0.99183773,593007.42868461
2018-06-12,0.99547794,1.01626930,0.98547893,0.99949168,288343.02683695
2018-06-11,1.01032486,1.01032486,0.98887830,0.99606801,671760.24737075
2018-06-10,1.00910627,1.03464283,0.98383920,1.00947300,693072.58065197
2018-06-09,1.00081149,1.00856338,0.99652559,1.00856338,317415.74959723
2018-06-08,1.00105058,1.00859736,0.99279911,1.00089493,343130.09482646
2018-06-07,0.99052112,1.00355617,0.99052112,1.00070605,407789.41927195
2018-06-06,0.99812329,1.01503461,0.97832179,0.98978048,206751.33099169
2018-06-05,1.00261256,1.00855129,0.98545166,0.99869394,277385.17820402
2018-06-04,1.00079341,1.00879210,0.98938111,1.00240520,388133.75125639
2018-06-03,0.98842142,1.00153330,0.98842142,1.00053936,451833.15737196
2018-06-02,1.00027983,1.00570545,0.98671448,0.98867132,503744.11769123
2018-06-01,1.00286841,1.01168058,0.99240873,1.00026618,1770011.37310800
2018-05-31,1.00332295,1.00423118,0.98775085,1.00259780,2882370.65181290
2018-05-30,0.98582947,1.01210628,0.96688657,1.00390405,3054250.50039055
2018-05-29,0.98764752,1.00930773,0.98076849,0.98521731,1821525.02561055
2018-05-28,1.00546291,1.01377005,0.98332912,0.98822475,1607521.38131013
2018-05-27,0.99820878,1.01054145,0.98802944,1.00546737,279456.85424038
2018-05-26,1.00792920,1.01182729,0.98838640,0.99144861,521181.63342634
2018-05-25,1.03584367,1.05125150,0.96562336,1.00905894,614592.69411832
2018-05-24,0.99071649,1.04844370,0.98773212,1.03347729,1073623.95298649
2018-05-23,0.99470329,1.00269256,0.97026697,0.99401847,854177.17869213
2018-05-22,0.99845053,1.00208923,0.99141724,0.99537612,896746.37373538
2018-05-21,0.99930714,1.00521449,0.99390773,0.99863096,408193.00743759
2018-05-20,1.00252003,1.00606370,0.98897778,0.99976328,252204.56039218
2018-05-19,1.00372586,1.00727390,0.99600485,1.00198994,443772.55304226
2018-05-18,0.99586763,1.00619512,0.99308666,1.00214939,380813.97211793
2018-05-17,1.00128907,1.00485250,0.99142650,0.99615393,323724.62777772
2018-05-16,1.00179482,1.00926146,0.99381260,1.00142220,256569.97847493
2018-05-15,1.00450793,1.01533848,0.99144843,1.00283258,493905.21469142
2018-05-14,1.00271668,1.01858586,0.99532356,1.00384024,370151.77467363
2018-05-13,1.00141104,1.00917091,0.99858035,1.00335090,583162.70522404
2018-05-12,1.00622903,1.01433136,0.99590843,1.00077239,749172.78020483
2018-05-11,0.99430221,1.01724006,0.98814373,1.00569845,722320.17729732
2018-05-10,1.00087881,1.01037860,0.98959486,0.99474815,491676.02617746
2018-05-09,1.00331284,1.01208899,0.99583538,0.99995308,584983.26334294
2018-05-08,1.00198736,1.00888783,0.98596425,1.00324778,678453.36754584
2018-05-07,1.00829181,1.01792379,0.99427815,1.00108681,784185.38455266
2018-05-06,1.01610149,1.03134600,0.99841672,1.00728652,1063492.92396558
2018-05-05,0.99830327,1.01609145,0.99723749,1.01584120,1507828.16706735
2018-05-04,1.00093500,1.00846141,0.99636013,0.99906086,1397388.49261052
2018-05-03,0.99870218,1.00865177,0.99498797,1.00224538,661411.67259131
2018-05-02,0.99708123,1.00834733,0.99394155,0.99870218,508423.43013229
2018-05-01,1.00193628,1.00875902,0.99632548,0.99875025,878045.61918187
2018-04-30,1.00161619,1.00684292,0.99486466,0.99955120,428885.97766974
2018-04-29,0.99802980,1.00412190,0.99471469,1.00216604,404170.15488271
2018-04-28,0.99417069,1.01229742,0.99218329,0.99945084,539817.78184892
2018-04-27,0.99892215,1.00592314,0.98848738,0.99589863,1662160.89114779
2018-04-26,0.97139391,1.00561395,0.97042335,1.00063605,1483061.17932103
2018-04-25,1.00478136,1.01508906,0.96907694,0.97108849,1458454.88516596
2018-04-24,1.00044550,1.01391548,0.99316809,1.00519375,740664.01282257
2018-04-23,0.99293591,1.00637460,0.99123684,1.00008966,2479765.67453019
2018-04-22,0.99530097,1.00635362,0.99119230,0.99119230,63651008.89867209
2018-04-21,0.99000846,1.00708123,0.98844675,0.99520981,44876699.89455587
2018-04-20,0.99894954,1.00408469,0.98896739,0.99024467,37141648.89983890
2018-04-19,0.99577058,1.00467934,0.98728682,1.00091112,13151121.39862028
2018-04-18,0.99652198,1.00328522,0.99070609,0.99490422,10299140.70115915
2018-04-17,1.00233022,1.00326727,0.98764671,0.99785396,6950074.70968222
2018-04-16,0.99516263,1.00398410,0.99035253,1.00207515,14977595.78909103
2018-04-15,0.98795923,0.99908845,0.98254360,0.99432347,23219598.96008190
2018-04-14,1.00354040,1.00354040,0.98102060,0.99268875,23994164.45021113
2018-04-13,0.98839775,1.00708224,0.97237681,0.99968403,18042496.59269871
2018-04-12,0.99601229,1.00324509,0.97847202,0.98784529,23387833.30645575
2018-04-11,1.00185356,1.00530470,0.99131739,0.99915225,13419975.94038613
2018-04-10,1.00748658,1.01476656,0.99403221,1.00241902,4942891.23768126
2018-04-09,1.00387425,1.01279150,0.97478422,1.00763388,1233222.79527968
2018-04-08,1.00266734,1.02644040,0.99805044,1.00428766,613726.22658169
2018-04-07,1.01374416,1.02009155,0.98937982,1.00187824,450448.28106680
2018-04-06,1.00182409,1.04802910,0.99340993,1.01371836,181532.92456979
2018-04-05,1.00266276,1.02837770,0.98832530,1.00184637,135608.58897726
2018-04-04,0.99553912,1.02195838,0.99045865,1.00627559,146255.58637702
2018-04-03,1.01055563,1.01965269,0.98681424,0.99551763,384165.19799395
2018-04-02,1.01073634,1.03918441,0.99228400,1.00881169,90407.21401628
2018-04-01,0.99968161,1.03126549,0.98127460,1.01122757,91750.54526075
2018-03-31,1.00879959,1.01804322,0.98657539,0.99953818,167882.60680551
2018-03-30,0.98616222,1.02777821,0.96817431,1.00946556,646536.48915042
2018-03-29,0.99703586,1.02110829,0.98853305,0.98853305,1252132.54240945
2018-03-28,0.99690643,1.02040887,0.98833874,1.00544248,360452.66265583
2018-03-27,1.00910652,1.01878420,0.98845099,0.99756031,801616.32488158
2018-03-26,0.99767838,1.01678552,0.99511938,1.01130371,515365.42332703
2018-03-25,0.98988531,1.01504452,0.98887794,0.99916891,131744.04990994
2018-03-24,1.00470787,1.01417941,0.99137181,1.00182161,233755.49776192
2018-03-23,1.00034000,1.02258317,0.98965100,1.00365839,1783271.05965919
2018-03-22,1.01282468,1.01755436,0.97866957,0.99819800,1242408.09555055
2018-03-21,1.00331895,1.01976243,0.99325805,1.01211973,852912.81375515
2018-03-20,1.00587967,1.01208729,0.99332277,1.00086107,1050418.62493932
2018-03-19,0.99966493,1.01009800,0.99091011,1.00753147,1095349.06229370
2018-03-18,0.99647321,1.01689067,0.98753468,0.99695478,629641.74159743
2018-03-17,1.00143245,1.01362408,0.99273325,0.99618534,1405991.65476412
2018-03-16,1.00515263,1.01372660,0.99201109,0.99790252,1407462.88767268
2018-03-15,1.00947111,1.01341382,0.99243974,1.00280532,1240451.22075071
2018-03-14,1.00272331,1.02064124,0.97877727,1.01041915,1244688.34082883
2018-03-13,1.00790446,1.02054367,0.99515097,1.00289045,1277777.90673281
2018-03-12,1.00882194,1.02147063,0.99065051,1.00604931,2861554.78084177
2018-03-11,1.00674230,1.01931948,0.97377694,1.01054167,2123108.91083822
2018-03-10,1.00424639,1.03818632,0.95382344,1.01076464,2207224.87496405
2018-03-09,1.00937068,1.02286623,0.98716739,1.00147414,766431.41777620
2018-03-08,1.00686906,1.02621127,0.97596236,1.01109129,1176528.23603530
2018-03-07,1.00396433,1.03562019,0.99753233,1.00918086,934655.71015720
2018-03-06,1.00337920,1.02022642,0.99688422,1.00226275,1441316.81325543
2018-03-05,1.00618424,1.00905677,0.99231650,0.99548072,1049632.92264581
2018-03-04,0.99363623,1.00539829,0.96695714,1.00539829,30673.73795475
2018-03-03,1.00039461,1.00946522,0.99030729,0.99265472,2809.56813984
2018-03-02,0.99348595,1.00479654,0.99097247,1.00069608,6418.17644335
2018-03-01,1.00220112,1.01420507,0.99308020,0.99450855,7654.73893589
2018-02-28,1.00122549,1.00926416,0.99478739,1.00170085,18082.77320436
2018-02-27,1.00045147,1.01026397,0.99292946,1.00066330,4645.84313162
2018-02-26,1.00797721,1.01320140,0.99185117,1.00025817,5117.87415774
2018-02-25,1.01809190,1.02039459,0.99901213,1.00747020,2703309.66195787
2018-02-24,1.01859836,1.02608602,1.00433888,1.02055302,3620494.38693869
2018-02-23,1.01349530,1.02443697,1.00781554,1.02024452,3258770.03447097
2018-02-22,1.02327939,1.03735687,1.00519807,1.01200366,3269743.46570314
2018-02-21,1.02282639,1.03070207,0.99900499,1.02345476,1653780.00711889
2018-02-20,1.06054295,1.10642847,1.00871676,1.02241757,3478487.76727187
2018-02-19,1.01597177,1.06306619,0.99971422,1.05998395,4261884.79670382
2018-02-18,1.00307399,1.01840885,0.98927224,1.01470764,3264999.87679196
2018-02-17,1.01037103,1.02910121,0.99511349,1.00055692,2851338.56990428
2018-02-16,1.00412257,1.01381358,0.99981749,1.00970108,3029331.93919134
2018-02-15,1.01941499,1.02218770,0.99132690,0.99977108,2338484.46871668
2018-02-14,1.01298082,1.03493805,0.99297714,1.02080281,1408715.77571374
2018-02-13,1.00388208,1.03851894,0.98161877,1.00954704,1652128.45425908
2018-02-12,1.00478222,1.09825669,0.97515440,1.00116976,1423216.04912537
2018-02-11,1.01852270,1.03441497,0.94946568,0.99261012,1605263.10217492
2018-02-10,1.03196034,1.05884913,0.97451455,1.02066403,1535209.37321210
2018-02-09,1.00579654,1.05971706,0.95528415,1.03464347,997754.37094618
2018-02-08,1.00943486,1.04661701,0.96476760,0.98021135,1022185.02888633
2018-02-07,1.01494685,1.04024393,0.97027473,1.00448355,1110576.17092768
2018-02-06,0.99162482,1.03875088,0.97098288,1.02010773,1447973.80376403
2018-02-05,0.99884156,1.01588591,0.90922563,0.99072066,1145100.27222279
2018-02-04,1.00053154,1.01227189,0.98771241,1.00023686,1169336.33694970
2018-02-03,1.00919439,1.02305842,0.98813079,1.00013472,1460844.20538749
2018-02-02,1.00630219,1.09963591,0.97667419,1.00552955,976879.79344550
2018-02-01,1.01959429,1.04016955,1.00008495,1.00947230,582773.00909223
2018-01-31,1.02242127,1.09484632,1.00235133,1.01375899,593429.94177551
2018-01-30,1.02616438,1.03486988,0.99710000,1.01613385,471128.45895877
2018-01-29,1.00500000,1.03945172,1.00500000,1.02516744,192072.48349437
2018-01-28,1.01679911,1.04826156,1.00515247,1.02568577,226954.22651833
2018-01-27,1.00996994,1.02191739,0.99577764,1.01854066,243604.74882037
2018-01-26,1.00992370,1.01794953,0.99511029,1.01191249,735497.53278366
2018-01-25,1.01501408,1.02085407,1.00449644,1.01142310,502717.96555029
2018-01-24,1.00476229,1.00476229,1.00476229,1.00476229,458824.97236342
2018-01-23,1.00663526,1.02087772,0.99364459,1.00253352,723362.86361253
2018-01-22,1.01760580,1.02826262,1.00444290,1.01204124,415638.17740523
2018-01-21,1.01238121,1.02677398,0.99470008,1.01261109,313061.77888053
2018-01-20,1.01795353,1.04754772,0.99282414,1.01116845,435265.30589808
2018-01-19,1.00245507,1.02166327,0.97688522,1.01754591,537929.78817222
2018-01-18,1.00489048,1.02279415,0.98554043,1.00746675,670892.24684134
2018-01-17,0.97821127,1.05335967,0.96013947,1.01058337,652848.67757422
2018-01-16,1.03492356,1.11313143,0.98087718,0.98087718,493564.52800078
2018-01-15,1.00872937,1.05159937,0.99574831,1.03335489,635464.84671780
2018-01-14,1.02675130,1.03667720,0.99700000,1.00949536,534213.83705489
2018-01-13,0.98670825,1.04393985,0.94900135,1.02666580,415982.16834702
2018-01-12,1.08896351,1.12477767,0.97041090,0.97747692,1889961.99623593
2018-01-11,0.98417348,1.11051610,0.77873088,1.09355036,1912827.19464987
2018-01-10,0.95259937,1.10000000,0.30034415,0.97526671,1221404.19828503
2018-01-09,0.97076398,1.10000000,0.94272716,0.95362791,485084.39049135
2018-01-08,0.97510000,1.10000000,0.94116747,0.97076398,44840.92493623
2018-01-07,1.00100000,1.00200000,0.96010000,0.98350000,48724.98497768
2018-01-06,0.97880000,1.00100000,0.94050000,1.00100000,54378.74318540
2018-01-05,1.09456599,1.09456599,0.93100000,0.97880000,94248.94947675
2018-01-04,0.97030020,1.09456599,0.95130044,1.09456599,71174.72699678
2018-01-03,0.96900000,1.00000000,0.94220000,0.96930021,60803.40265774
2018-01-02,0.97858311,0.99105013,0.91110000,0.97000000,39932.72841187
2018-01-01,0.97780000,1.10000000,0.93530000,0.97858311,27830.45072654
2017-12-31,0.99780000,0.99880000,0.93000000,0.97780000,40655.92010834
2017-12-30,1.01607069,1.10000000,0.89100000,0.99880000,51129.12991102
2017-12-29,0.97110000,1.10000000,0.94191464,1.01607069,69691.98504970
2017-12-28,0.96976700,1.04552000,0.91762200,0.97110000,319664.82293146
2017-12-27,0.92159600,1.00005000,0.88617800,0.96971200,606154.60074627
